match_date,season,gameweek,home_team,away_team,home_score,away_score,home_goals,away_goals,status,match_id,result
2025-08-15T19:00:00Z,2025-26,1,Liverpool FC,AFC Bournemouth,4.0,2.0,4.0,2.0,FINISHED,537785,H
2025-08-16T11:30:00Z,2025-26,1,Aston Villa FC,Newcastle United FC,0.0,0.0,0.0,0.0,FINISHED,537786,D
2025-08-16T14:00:00Z,2025-26,1,Brighton & Hove Albion FC,Fulham FC,1.0,1.0,1.0,1.0,FINISHED,537787,D
2025-08-16T14:00:00Z,2025-26,1,Sunderland AFC,West Ham United FC,3.0,0.0,3.0,0.0,FINISHED,537789,H
2025-08-16T14:00:00Z,2025-26,1,Tottenham Hotspur FC,Burnley FC,3.0,0.0,3.0,0.0,FINISHED,537790,H
2025-08-16T16:30:00Z,2025-26,1,Wolverhampton Wanderers FC,Manchester City FC,0.0,4.0,0.0,4.0,FINISHED,537791,A
2025-08-17T13:00:00Z,2025-26,1,Nottingham Forest FC,Brentford FC,3.0,1.0,3.0,1.0,FINISHED,537788,H
2025-08-17T13:00:00Z,2025-26,1,Chelsea FC,Crystal Palace FC,0.0,0.0,0.0,0.0,FINISHED,537792,D
2025-08-17T15:30:00Z,2025-26,1,Manchester United FC,Arsenal FC,0.0,1.0,0.0,1.0,FINISHED,537793,A
2025-08-18T19:00:00Z,2025-26,1,Leeds United FC,Everton FC,1.0,0.0,1.0,0.0,FINISHED,537794,H
2025-08-22T19:00:00Z,2025-26,2,West Ham United FC,Chelsea FC,1.0,5.0,1.0,5.0,FINISHED,537804,A
2025-08-23T11:30:00Z,2025-26,2,Manchester City FC,Tottenham Hotspur FC,0.0,2.0,0.0,2.0,FINISHED,537802,A
2025-08-23T14:00:00Z,2025-26,2,AFC Bournemouth,Wolverhampton Wanderers FC,1.0,0.0,1.0,0.0,FINISHED,537795,H
2025-08-23T14:00:00Z,2025-26,2,Brentford FC,Aston Villa FC,1.0,0.0,1.0,0.0,FINISHED,537798,H
2025-08-23T14:00:00Z,2025-26,2,Burnley FC,Sunderland AFC,2.0,0.0,2.0,0.0,FINISHED,537799,H
2025-08-23T16:30:00Z,2025-26,2,Arsenal FC,Leeds United FC,5.0,0.0,5.0,0.0,FINISHED,537797,H
2025-08-24T13:00:00Z,2025-26,2,Crystal Palace FC,Nottingham Forest FC,1.0,1.0,1.0,1.0,FINISHED,537796,D
2025-08-24T13:00:00Z,2025-26,2,Everton FC,Brighton & Hove Albion FC,2.0,0.0,2.0,0.0,FINISHED,537800,H
2025-08-24T15:30:00Z,2025-26,2,Fulham FC,Manchester United FC,1.0,1.0,1.0,1.0,FINISHED,537801,D
2025-08-25T19:00:00Z,2025-26,2,Newcastle United FC,Liverpool FC,2.0,3.0,2.0,3.0,FINISHED,537803,A
2025-08-30T11:30:00Z,2025-26,3,Chelsea FC,Fulham FC,2.0,0.0,2.0,0.0,FINISHED,537808,H
2025-08-30T14:00:00Z,2025-26,3,Sunderland AFC,Brentford FC,2.0,1.0,2.0,1.0,FINISHED,537805,H
2025-08-30T14:00:00Z,2025-26,3,Manchester United FC,Burnley FC,3.0,2.0,3.0,2.0,FINISHED,537811,H
2025-08-30T14:00:00Z,2025-26,3,Tottenham Hotspur FC,AFC Bournemouth,0.0,1.0,0.0,1.0,FINISHED,537813,A
2025-08-30T14:00:00Z,2025-26,3,Wolverhampton Wanderers FC,Everton FC,2.0,3.0,2.0,3.0,FINISHED,537814,A
2025-08-30T16:30:00Z,2025-26,3,Leeds United FC,Newcastle United FC,0.0,0.0,0.0,0.0,FINISHED,537810,D
2025-08-31T13:00:00Z,2025-26,3,Brighton & Hove Albion FC,Manchester City FC,2.0,1.0,2.0,1.0,FINISHED,537807,H
2025-08-31T13:00:00Z,2025-26,3,Nottingham Forest FC,West Ham United FC,0.0,3.0,0.0,3.0,FINISHED,537812,A
2025-08-31T15:30:00Z,2025-26,3,Liverpool FC,Arsenal FC,1.0,0.0,1.0,0.0,FINISHED,537809,H
2025-08-31T18:00:00Z,2025-26,3,Aston Villa FC,Crystal Palace FC,0.0,3.0,0.0,3.0,FINISHED,537806,A
2025-09-13T11:30:00Z,2025-26,4,Arsenal FC,Nottingham Forest FC,3.0,0.0,3.0,0.0,FINISHED,537817,H
2025-09-13T14:00:00Z,2025-26,4,AFC Bournemouth,Brighton & Hove Albion FC,2.0,1.0,2.0,1.0,FINISHED,537815,H
2025-09-13T14:00:00Z,2025-26,4,Crystal Palace FC,Sunderland AFC,0.0,0.0,0.0,0.0,FINISHED,537816,D
2025-09-13T14:00:00Z,2025-26,4,Everton FC,Aston Villa FC,0.0,0.0,0.0,0.0,FINISHED,537820,D
2025-09-13T14:00:00Z,2025-26,4,Fulham FC,Leeds United FC,1.0,0.0,1.0,0.0,FINISHED,537821,H
2025-09-13T14:00:00Z,2025-26,4,Newcastle United FC,Wolverhampton Wanderers FC,1.0,0.0,1.0,0.0,FINISHED,537823,H
2025-09-13T16:30:00Z,2025-26,4,West Ham United FC,Tottenham Hotspur FC,0.0,3.0,0.0,3.0,FINISHED,537824,A
2025-09-13T19:00:00Z,2025-26,4,Brentford FC,Chelsea FC,2.0,2.0,2.0,2.0,FINISHED,537818,D
2025-09-14T13:00:00Z,2025-26,4,Burnley FC,Liverpool FC,0.0,1.0,0.0,1.0,FINISHED,537819,A
2025-09-14T15:30:00Z,2025-26,4,Manchester City FC,Manchester United FC,3.0,0.0,3.0,0.0,FINISHED,537822,H
2025-09-20T11:30:00Z,2025-26,5,Liverpool FC,Everton FC,2.0,1.0,2.0,1.0,FINISHED,537831,H
2025-09-20T14:00:00Z,2025-26,5,Brighton & Hove Albion FC,Tottenham Hotspur FC,2.0,2.0,2.0,2.0,FINISHED,537827,D
2025-09-20T14:00:00Z,2025-26,5,Burnley FC,Nottingham Forest FC,1.0,1.0,1.0,1.0,FINISHED,537829,D
2025-09-20T14:00:00Z,2025-26,5,West Ham United FC,Crystal Palace FC,1.0,2.0,1.0,2.0,FINISHED,537833,A
2025-09-20T14:00:00Z,2025-26,5,Wolverhampton Wanderers FC,Leeds United FC,1.0,3.0,1.0,3.0,FINISHED,537834,A
2025-09-20T16:30:00Z,2025-26,5,Manchester United FC,Chelsea FC,2.0,1.0,2.0,1.0,FINISHED,537832,H
2025-09-20T19:00:00Z,2025-26,5,Fulham FC,Brentford FC,3.0,1.0,3.0,1.0,FINISHED,537830,H
2025-09-21T13:00:00Z,2025-26,5,AFC Bournemouth,Newcastle United FC,0.0,0.0,0.0,0.0,FINISHED,537825,D
2025-09-21T13:00:00Z,2025-26,5,Sunderland AFC,Aston Villa FC,1.0,1.0,1.0,1.0,FINISHED,537826,D
2025-09-21T15:30:00Z,2025-26,5,Arsenal FC,Manchester City FC,1.0,1.0,1.0,1.0,FINISHED,537828,D
2025-09-27T11:30:00Z,2025-26,6,Brentford FC,Manchester United FC,3.0,1.0,3.0,1.0,FINISHED,537837,H
2025-09-27T14:00:00Z,2025-26,6,Crystal Palace FC,Liverpool FC,2.0,1.0,2.0,1.0,FINISHED,537836,H
2025-09-27T14:00:00Z,2025-26,6,Chelsea FC,Brighton & Hove Albion FC,1.0,3.0,1.0,3.0,FINISHED,537838,A
2025-09-27T14:00:00Z,2025-26,6,Leeds United FC,AFC Bournemouth,2.0,2.0,2.0,2.0,FINISHED,537840,D
2025-09-27T14:00:00Z,2025-26,6,Manchester City FC,Burnley FC,5.0,1.0,5.0,1.0,FINISHED,537841,H
2025-09-27T16:30:00Z,2025-26,6,Nottingham Forest FC,Sunderland AFC,0.0,1.0,0.0,1.0,FINISHED,537843,A
2025-09-27T19:00:00Z,2025-26,6,Tottenham Hotspur FC,Wolverhampton Wanderers FC,1.0,1.0,1.0,1.0,FINISHED,537844,D
2025-09-28T13:00:00Z,2025-26,6,Aston Villa FC,Fulham FC,3.0,1.0,3.0,1.0,FINISHED,537835,H
2025-09-28T15:30:00Z,2025-26,6,Newcastle United FC,Arsenal FC,1.0,2.0,1.0,2.0,FINISHED,537842,A
2025-09-29T19:00:00Z,2025-26,6,Everton FC,West Ham United FC,1.0,1.0,1.0,1.0,FINISHED,537839,D
2025-10-03T19:00:00Z,2025-26,7,AFC Bournemouth,Fulham FC,3.0,1.0,3.0,1.0,FINISHED,537845,H
2025-10-04T11:30:00Z,2025-26,7,Leeds United FC,Tottenham Hotspur FC,1.0,2.0,1.0,2.0,FINISHED,537851,A
2025-10-04T14:00:00Z,2025-26,7,Arsenal FC,West Ham United FC,2.0,0.0,2.0,0.0,FINISHED,537847,H
2025-10-04T14:00:00Z,2025-26,7,Manchester United FC,Sunderland AFC,2.0,0.0,2.0,0.0,FINISHED,537852,H
2025-10-04T16:30:00Z,2025-26,7,Chelsea FC,Liverpool FC,2.0,1.0,2.0,1.0,FINISHED,537849,H
2025-10-05T13:00:00Z,2025-26,7,Aston Villa FC,Burnley FC,2.0,1.0,2.0,1.0,FINISHED,537846,H
2025-10-05T13:00:00Z,2025-26,7,Everton FC,Crystal Palace FC,2.0,1.0,2.0,1.0,FINISHED,537850,H
2025-10-05T13:00:00Z,2025-26,7,Newcastle United FC,Nottingham Forest FC,2.0,0.0,2.0,0.0,FINISHED,537853,H
2025-10-05T13:00:00Z,2025-26,7,Wolverhampton Wanderers FC,Brighton & Hove Albion FC,1.0,1.0,1.0,1.0,FINISHED,537854,D
2025-10-05T15:30:00Z,2025-26,7,Brentford FC,Manchester City FC,0.0,1.0,0.0,1.0,FINISHED,537848,A
2025-10-18T11:30:00Z,2025-26,8,Nottingham Forest FC,Chelsea FC,0.0,3.0,0.0,3.0,FINISHED,537862,A
2025-10-18T14:00:00Z,2025-26,8,Brighton & Hove Albion FC,Newcastle United FC,2.0,1.0,2.0,1.0,FINISHED,537856,H
2025-10-18T14:00:00Z,2025-26,8,Crystal Palace FC,AFC Bournemouth,3.0,3.0,3.0,3.0,FINISHED,537857,D
2025-10-18T14:00:00Z,2025-26,8,Burnley FC,Leeds United FC,2.0,0.0,2.0,0.0,FINISHED,537858,H
2025-10-18T14:00:00Z,2025-26,8,Manchester City FC,Everton FC,2.0,0.0,2.0,0.0,FINISHED,537861,H
2025-10-18T14:00:00Z,2025-26,8,Sunderland AFC,Wolverhampton Wanderers FC,2.0,0.0,2.0,0.0,FINISHED,537855,H
2025-10-18T16:30:00Z,2025-26,8,Fulham FC,Arsenal FC,0.0,1.0,0.0,1.0,FINISHED,537859,A
2025-10-19T13:00:00Z,2025-26,8,Tottenham Hotspur FC,Aston Villa FC,1.0,2.0,1.0,2.0,FINISHED,537863,A
2025-10-19T15:30:00Z,2025-26,8,Liverpool FC,Manchester United FC,1.0,2.0,1.0,2.0,FINISHED,537860,A
2025-10-20T19:00:00Z,2025-26,8,West Ham United FC,Brentford FC,0.0,2.0,0.0,2.0,FINISHED,537864,A
2025-10-24T19:00:00Z,2025-26,9,Leeds United FC,West Ham United FC,2.0,1.0,2.0,1.0,FINISHED,537871,H
2025-10-25T14:00:00Z,2025-26,9,Chelsea FC,Sunderland AFC,1.0,2.0,1.0,2.0,FINISHED,537869,A
2025-10-25T14:00:00Z,2025-26,9,Newcastle United FC,Fulham FC,2.0,1.0,2.0,1.0,FINISHED,537873,H
2025-10-25T16:30:00Z,2025-26,9,Manchester United FC,Brighton & Hove Albion FC,4.0,2.0,4.0,2.0,FINISHED,537872,H
2025-10-25T19:00:00Z,2025-26,9,Brentford FC,Liverpool FC,3.0,2.0,3.0,2.0,FINISHED,537868,H
2025-10-26T14:00:00Z,2025-26,9,AFC Bournemouth,Nottingham Forest FC,2.0,0.0,2.0,0.0,FINISHED,537865,H
2025-10-26T14:00:00Z,2025-26,9,Aston Villa FC,Manchester City FC,1.0,0.0,1.0,0.0,FINISHED,537866,H
2025-10-26T14:00:00Z,2025-26,9,Arsenal FC,Crystal Palace FC,1.0,0.0,1.0,0.0,FINISHED,537867,H
2025-10-26T14:00:00Z,2025-26,9,Wolverhampton Wanderers FC,Burnley FC,2.0,3.0,2.0,3.0,FINISHED,537874,A
2025-10-26T16:30:00Z,2025-26,9,Everton FC,Tottenham Hotspur FC,0.0,3.0,0.0,3.0,FINISHED,537870,A
2025-11-01T15:00:00Z,2025-26,10,Brighton & Hove Albion FC,Leeds United FC,3.0,0.0,3.0,0.0,FINISHED,537876,H
2025-11-01T15:00:00Z,2025-26,10,Crystal Palace FC,Brentford FC,2.0,0.0,2.0,0.0,FINISHED,537877,H
2025-11-01T15:00:00Z,2025-26,10,Burnley FC,Arsenal FC,0.0,2.0,0.0,2.0,FINISHED,537878,A
2025-11-01T15:00:00Z,2025-26,10,Fulham FC,Wolverhampton Wanderers FC,3.0,0.0,3.0,0.0,FINISHED,537879,H
2025-11-01T15:00:00Z,2025-26,10,Nottingham Forest FC,Manchester United FC,2.0,2.0,2.0,2.0,FINISHED,537882,D
2025-11-01T17:30:00Z,2025-26,10,Tottenham Hotspur FC,Chelsea FC,0.0,1.0,0.0,1.0,FINISHED,537883,A
2025-11-01T20:00:00Z,2025-26,10,Liverpool FC,Aston Villa FC,2.0,0.0,2.0,0.0,FINISHED,537880,H
2025-11-02T14:00:00Z,2025-26,10,West Ham United FC,Newcastle United FC,3.0,1.0,3.0,1.0,FINISHED,537884,H
2025-11-02T16:30:00Z,2025-26,10,Manchester City FC,AFC Bournemouth,3.0,1.0,3.0,1.0,FINISHED,537881,H
2025-11-03T20:00:00Z,2025-26,10,Sunderland AFC,Everton FC,1.0,1.0,1.0,1.0,FINISHED,537875,D
2025-11-08T12:30:00Z,2025-26,11,Tottenham Hotspur FC,Manchester United FC,2.0,2.0,2.0,2.0,FINISHED,537893,D
2025-11-08T15:00:00Z,2025-26,11,Everton FC,Fulham FC,2.0,0.0,2.0,0.0,FINISHED,537890,H
2025-11-08T15:00:00Z,2025-26,11,West Ham United FC,Burnley FC,3.0,2.0,3.0,2.0,FINISHED,537894,H
2025-11-08T17:30:00Z,2025-26,11,Sunderland AFC,Arsenal FC,2.0,2.0,2.0,2.0,FINISHED,537885,D
2025-11-08T20:00:00Z,2025-26,11,Chelsea FC,Wolverhampton Wanderers FC,3.0,0.0,3.0,0.0,FINISHED,537889,H
2025-11-09T14:00:00Z,2025-26,11,Aston Villa FC,AFC Bournemouth,4.0,0.0,4.0,0.0,FINISHED,537886,H
2025-11-09T14:00:00Z,2025-26,11,Crystal Palace FC,Brighton & Hove Albion FC,0.0,0.0,0.0,0.0,FINISHED,537887,D
2025-11-09T14:00:00Z,2025-26,11,Brentford FC,Newcastle United FC,3.0,1.0,3.0,1.0,FINISHED,537888,H
2025-11-09T14:00:00Z,2025-26,11,Nottingham Forest FC,Leeds United FC,3.0,1.0,3.0,1.0,FINISHED,537892,H
2025-11-09T16:30:00Z,2025-26,11,Manchester City FC,Liverpool FC,3.0,0.0,3.0,0.0,FINISHED,537891,H
2025-11-22T12:30:00Z,2025-26,12,Burnley FC,Chelsea FC,0.0,2.0,0.0,2.0,FINISHED,537898,A
2025-11-22T15:00:00Z,2025-26,12,AFC Bournemouth,West Ham United FC,2.0,2.0,2.0,2.0,FINISHED,537895,D
2025-11-22T15:00:00Z,2025-26,12,Brighton & Hove Albion FC,Brentford FC,2.0,1.0,2.0,1.0,FINISHED,537896,H
2025-11-22T15:00:00Z,2025-26,12,Fulham FC,Sunderland AFC,1.0,0.0,1.0,0.0,FINISHED,537899,H
2025-11-22T15:00:00Z,2025-26,12,Liverpool FC,Nottingham Forest FC,0.0,3.0,0.0,3.0,FINISHED,537900,A
2025-11-22T15:00:00Z,2025-26,12,Wolverhampton Wanderers FC,Crystal Palace FC,0.0,2.0,0.0,2.0,FINISHED,537904,A
2025-11-22T17:30:00Z,2025-26,12,Newcastle United FC,Manchester City FC,2.0,1.0,2.0,1.0,FINISHED,537903,H
2025-11-23T14:00:00Z,2025-26,12,Leeds United FC,Aston Villa FC,1.0,2.0,1.0,2.0,FINISHED,537901,A
2025-11-23T16:30:00Z,2025-26,12,Arsenal FC,Tottenham Hotspur FC,4.0,1.0,4.0,1.0,FINISHED,537897,H
2025-11-24T20:00:00Z,2025-26,12,Manchester United FC,Everton FC,0.0,1.0,0.0,1.0,FINISHED,537902,A
2025-11-29T15:00:00Z,2025-26,13,Sunderland AFC,AFC Bournemouth,3.0,2.0,3.0,2.0,FINISHED,537905,H
2025-11-29T15:00:00Z,2025-26,13,Brentford FC,Burnley FC,3.0,1.0,3.0,1.0,FINISHED,537908,H
2025-11-29T15:00:00Z,2025-26,13,Manchester City FC,Leeds United FC,3.0,2.0,3.0,2.0,FINISHED,537911,H
2025-11-29T17:30:00Z,2025-26,13,Everton FC,Newcastle United FC,1.0,4.0,1.0,4.0,FINISHED,537910,A
2025-11-29T20:00:00Z,2025-26,13,Tottenham Hotspur FC,Fulham FC,1.0,2.0,1.0,2.0,FINISHED,537913,A
2025-11-30T12:00:00Z,2025-26,13,Crystal Palace FC,Manchester United FC,1.0,2.0,1.0,2.0,FINISHED,537907,A
2025-11-30T14:05:00Z,2025-26,13,Aston Villa FC,Wolverhampton Wanderers FC,1.0,0.0,1.0,0.0,FINISHED,537906,H
2025-11-30T14:05:00Z,2025-26,13,Nottingham Forest FC,Brighton & Hove Albion FC,0.0,2.0,0.0,2.0,FINISHED,537912,A
2025-11-30T14:05:00Z,2025-26,13,West Ham United FC,Liverpool FC,0.0,2.0,0.0,2.0,FINISHED,537914,A
2025-11-30T16:30:00Z,2025-26,13,Chelsea FC,Arsenal FC,1.0,1.0,1.0,1.0,FINISHED,537909,D
2025-12-02T19:30:00Z,2025-26,14,AFC Bournemouth,Everton FC,0.0,1.0,0.0,1.0,FINISHED,537915,A
2025-12-02T19:30:00Z,2025-26,14,Fulham FC,Manchester City FC,4.0,5.0,4.0,5.0,FINISHED,537919,A
2025-12-02T20:15:00Z,2025-26,14,Newcastle United FC,Tottenham Hotspur FC,2.0,2.0,2.0,2.0,FINISHED,537923,D
2025-12-03T19:30:00Z,2025-26,14,Brighton & Hove Albion FC,Aston Villa FC,3.0,4.0,3.0,4.0,FINISHED,537916,A
2025-12-03T19:30:00Z,2025-26,14,Arsenal FC,Brentford FC,2.0,0.0,2.0,0.0,FINISHED,537917,H
2025-12-03T19:30:00Z,2025-26,14,Burnley FC,Crystal Palace FC,0.0,1.0,0.0,1.0,FINISHED,537918,A
2025-12-03T19:30:00Z,2025-26,14,Wolverhampton Wanderers FC,Nottingham Forest FC,0.0,1.0,0.0,1.0,FINISHED,537924,A
2025-12-03T20:15:00Z,2025-26,14,Liverpool FC,Sunderland AFC,1.0,1.0,1.0,1.0,FINISHED,537920,D
2025-12-03T20:15:00Z,2025-26,14,Leeds United FC,Chelsea FC,3.0,1.0,3.0,1.0,FINISHED,537921,H
2025-12-04T20:00:00Z,2025-26,14,Manchester United FC,West Ham United FC,1.0,1.0,1.0,1.0,FINISHED,537922,D
2025-12-06T12:30:00Z,2025-26,15,Aston Villa FC,Arsenal FC,2.0,1.0,2.0,1.0,FINISHED,537926,H
2025-12-06T15:00:00Z,2025-26,15,AFC Bournemouth,Chelsea FC,0.0,0.0,0.0,0.0,FINISHED,537925,D
2025-12-06T15:00:00Z,2025-26,15,Everton FC,Nottingham Forest FC,3.0,0.0,3.0,0.0,FINISHED,537928,H
2025-12-06T15:00:00Z,2025-26,15,Manchester City FC,Sunderland AFC,3.0,0.0,3.0,0.0,FINISHED,537931,H
2025-12-06T15:00:00Z,2025-26,15,Newcastle United FC,Burnley FC,2.0,1.0,2.0,1.0,FINISHED,537932,H
2025-12-06T15:00:00Z,2025-26,15,Tottenham Hotspur FC,Brentford FC,2.0,0.0,2.0,0.0,FINISHED,537933,H
2025-12-06T17:30:00Z,2025-26,15,Leeds United FC,Liverpool FC,3.0,3.0,3.0,3.0,FINISHED,537930,D
2025-12-07T14:00:00Z,2025-26,15,Brighton & Hove Albion FC,West Ham United FC,1.0,1.0,1.0,1.0,FINISHED,537927,D
2025-12-07T16:30:00Z,2025-26,15,Fulham FC,Crystal Palace FC,1.0,2.0,1.0,2.0,FINISHED,537929,A
2025-12-08T20:00:00Z,2025-26,15,Wolverhampton Wanderers FC,Manchester United FC,1.0,4.0,1.0,4.0,FINISHED,537934,A
2025-12-13T15:00:00Z,2025-26,16,Chelsea FC,Everton FC,2.0,0.0,2.0,0.0,FINISHED,537940,H
2025-12-13T15:00:00Z,2025-26,16,Liverpool FC,Brighton & Hove Albion FC,2.0,0.0,2.0,0.0,FINISHED,537941,H
2025-12-13T17:30:00Z,2025-26,16,Burnley FC,Fulham FC,2.0,3.0,2.0,3.0,FINISHED,537939,A
2025-12-13T20:00:00Z,2025-26,16,Arsenal FC,Wolverhampton Wanderers FC,2.0,1.0,2.0,1.0,FINISHED,537937,H
2025-12-14T14:00:00Z,2025-26,16,Sunderland AFC,Newcastle United FC,1.0,0.0,1.0,0.0,FINISHED,537935,H
2025-12-14T14:00:00Z,2025-26,16,Crystal Palace FC,Manchester City FC,0.0,3.0,0.0,3.0,FINISHED,537936,A
2025-12-14T14:00:00Z,2025-26,16,Nottingham Forest FC,Tottenham Hotspur FC,3.0,0.0,3.0,0.0,FINISHED,537943,H
2025-12-14T14:00:00Z,2025-26,16,West Ham United FC,Aston Villa FC,2.0,3.0,2.0,3.0,FINISHED,537944,A
2025-12-14T16:30:00Z,2025-26,16,Brentford FC,Leeds United FC,1.0,1.0,1.0,1.0,FINISHED,537938,D
2025-12-15T20:00:00Z,2025-26,16,Manchester United FC,AFC Bournemouth,4.0,4.0,4.0,4.0,FINISHED,537942,D
2025-12-20T12:30:00Z,2025-26,17,Newcastle United FC,Chelsea FC,2.0,2.0,2.0,2.0,FINISHED,537952,D
2025-12-20T15:00:00Z,2025-26,17,AFC Bournemouth,Burnley FC,1.0,1.0,1.0,1.0,FINISHED,537945,D
2025-12-20T15:00:00Z,2025-26,17,Brighton & Hove Albion FC,Sunderland AFC,0.0,0.0,0.0,0.0,FINISHED,537947,D
2025-12-20T15:00:00Z,2025-26,17,Manchester City FC,West Ham United FC,3.0,0.0,3.0,0.0,FINISHED,537951,H
2025-12-20T15:00:00Z,2025-26,17,Wolverhampton Wanderers FC,Brentford FC,0.0,2.0,0.0,2.0,FINISHED,537954,A
2025-12-20T17:30:00Z,2025-26,17,Tottenham Hotspur FC,Liverpool FC,1.0,2.0,1.0,2.0,FINISHED,537953,A
2025-12-20T20:00:00Z,2025-26,17,Everton FC,Arsenal FC,0.0,1.0,0.0,1.0,FINISHED,537948,A
2025-12-20T20:00:00Z,2025-26,17,Leeds United FC,Crystal Palace FC,4.0,1.0,4.0,1.0,FINISHED,537950,H
2025-12-21T16:30:00Z,2025-26,17,Aston Villa FC,Manchester United FC,2.0,1.0,2.0,1.0,FINISHED,537946,H
2025-12-22T20:00:00Z,2025-26,17,Fulham FC,Nottingham Forest FC,1.0,0.0,1.0,0.0,FINISHED,537949,H
2025-12-26T20:00:00Z,2025-26,18,Manchester United FC,Newcastle United FC,1.0,0.0,1.0,0.0,FINISHED,537962,H
2025-12-27T12:30:00Z,2025-26,18,Nottingham Forest FC,Manchester City FC,1.0,2.0,1.0,2.0,FINISHED,537963,A
2025-12-27T15:00:00Z,2025-26,18,Arsenal FC,Brighton & Hove Albion FC,2.0,1.0,2.0,1.0,FINISHED,537957,H
2025-12-27T15:00:00Z,2025-26,18,Brentford FC,AFC Bournemouth,4.0,1.0,4.0,1.0,FINISHED,537958,H
2025-12-27T15:00:00Z,2025-26,18,Burnley FC,Everton FC,0.0,0.0,0.0,0.0,FINISHED,537959,D
2025-12-27T15:00:00Z,2025-26,18,Liverpool FC,Wolverhampton Wanderers FC,2.0,1.0,2.0,1.0,FINISHED,537961,H
2025-12-27T15:00:00Z,2025-26,18,West Ham United FC,Fulham FC,0.0,1.0,0.0,1.0,FINISHED,537964,A
2025-12-27T17:30:00Z,2025-26,18,Chelsea FC,Aston Villa FC,1.0,2.0,1.0,2.0,FINISHED,537960,A
2025-12-28T14:00:00Z,2025-26,18,Sunderland AFC,Leeds United FC,1.0,1.0,1.0,1.0,FINISHED,537955,D
2025-12-28T16:30:00Z,2025-26,18,Crystal Palace FC,Tottenham Hotspur FC,0.0,1.0,0.0,1.0,FINISHED,537956,A
2025-12-30T19:30:00Z,2025-26,19,Burnley FC,Newcastle United FC,1.0,3.0,1.0,3.0,FINISHED,537969,A
2025-12-30T19:30:00Z,2025-26,19,Chelsea FC,AFC Bournemouth,2.0,2.0,2.0,2.0,FINISHED,537970,D
2025-12-30T19:30:00Z,2025-26,19,Nottingham Forest FC,Everton FC,0.0,2.0,0.0,2.0,FINISHED,537973,A
2025-12-30T19:30:00Z,2025-26,19,West Ham United FC,Brighton & Hove Albion FC,2.0,2.0,2.0,2.0,FINISHED,537974,D
2025-12-30T20:15:00Z,2025-26,19,Arsenal FC,Aston Villa FC,4.0,1.0,4.0,1.0,FINISHED,537967,H
2025-12-30T20:15:00Z,2025-26,19,Manchester United FC,Wolverhampton Wanderers FC,1.0,1.0,1.0,1.0,FINISHED,537972,D
2026-01-01T17:30:00Z,2025-26,19,Crystal Palace FC,Fulham FC,1.0,1.0,1.0,1.0,FINISHED,537966,D
2026-01-01T17:30:00Z,2025-26,19,Liverpool FC,Leeds United FC,0.0,0.0,0.0,0.0,FINISHED,537971,D
2026-01-01T20:00:00Z,2025-26,19,Sunderland AFC,Manchester City FC,0.0,0.0,0.0,0.0,FINISHED,537965,D
2026-01-01T20:00:00Z,2025-26,19,Brentford FC,Tottenham Hotspur FC,0.0,0.0,0.0,0.0,FINISHED,537968,D
2026-01-03T12:30:00Z,2025-26,20,Aston Villa FC,Nottingham Forest FC,3.0,1.0,3.0,1.0,FINISHED,537976,H
2026-01-03T15:00:00Z,2025-26,20,Brighton & Hove Albion FC,Burnley FC,2.0,0.0,2.0,0.0,FINISHED,537977,H
2026-01-03T15:00:00Z,2025-26,20,Wolverhampton Wanderers FC,West Ham United FC,3.0,0.0,3.0,0.0,FINISHED,537984,H
2026-01-03T17:30:00Z,2025-26,20,AFC Bournemouth,Arsenal FC,2.0,3.0,2.0,3.0,FINISHED,537975,A
2026-01-04T12:30:00Z,2025-26,20,Leeds United FC,Manchester United FC,1.0,1.0,1.0,1.0,FINISHED,537980,D
2026-01-04T15:00:00Z,2025-26,20,Everton FC,Brentford FC,2.0,4.0,2.0,4.0,FINISHED,537978,A
2026-01-04T15:00:00Z,2025-26,20,Newcastle United FC,Crystal Palace FC,2.0,0.0,2.0,0.0,FINISHED,537982,H
2026-01-04T15:00:00Z,2025-26,20,Tottenham Hotspur FC,Sunderland AFC,1.0,1.0,1.0,1.0,FINISHED,537983,D
2026-01-04T15:15:00Z,2025-26,20,Fulham FC,Liverpool FC,2.0,2.0,2.0,2.0,FINISHED,537979,D
2026-01-04T17:30:00Z,2025-26,20,Manchester City FC,Chelsea FC,1.0,1.0,1.0,1.0,FINISHED,537981,D
2026-01-06T20:00:00Z,2025-26,21,West Ham United FC,Nottingham Forest FC,1.0,2.0,1.0,2.0,FINISHED,537994,A
2026-01-07T19:30:00Z,2025-26,21,AFC Bournemouth,Tottenham Hotspur FC,3.0,2.0,3.0,2.0,FINISHED,537985,H
2026-01-07T19:30:00Z,2025-26,21,Crystal Palace FC,Aston Villa FC,0.0,0.0,0.0,0.0,FINISHED,537986,D
2026-01-07T19:30:00Z,2025-26,21,Brentford FC,Sunderland AFC,3.0,0.0,3.0,0.0,FINISHED,537988,H
2026-01-07T19:30:00Z,2025-26,21,Everton FC,Wolverhampton Wanderers FC,1.0,1.0,1.0,1.0,FINISHED,537990,D
2026-01-07T19:30:00Z,2025-26,21,Fulham FC,Chelsea FC,2.0,1.0,2.0,1.0,FINISHED,537991,H
2026-01-07T19:30:00Z,2025-26,21,Manchester City FC,Brighton & Hove Albion FC,1.0,1.0,1.0,1.0,FINISHED,537992,D
2026-01-07T20:15:00Z,2025-26,21,Burnley FC,Manchester United FC,2.0,2.0,2.0,2.0,FINISHED,537989,D
2026-01-07T20:15:00Z,2025-26,21,Newcastle United FC,Leeds United FC,4.0,3.0,4.0,3.0,FINISHED,537993,H
2026-01-08T20:00:00Z,2025-26,21,Arsenal FC,Liverpool FC,0.0,0.0,0.0,0.0,FINISHED,537987,D
2026-01-17T12:30:00Z,2025-26,22,Manchester United FC,Manchester City FC,2.0,0.0,2.0,0.0,FINISHED,538001,H
2026-01-17T15:00:00Z,2025-26,22,Sunderland AFC,Crystal Palace FC,2.0,1.0,2.0,1.0,FINISHED,537995,H
2026-01-17T15:00:00Z,2025-26,22,Chelsea FC,Brentford FC,2.0,0.0,2.0,0.0,FINISHED,537998,H
2026-01-17T15:00:00Z,2025-26,22,Liverpool FC,Burnley FC,1.0,1.0,1.0,1.0,FINISHED,537999,D
2026-01-17T15:00:00Z,2025-26,22,Leeds United FC,Fulham FC,1.0,0.0,1.0,0.0,FINISHED,538000,H
2026-01-17T15:00:00Z,2025-26,22,Tottenham Hotspur FC,West Ham United FC,1.0,2.0,1.0,2.0,FINISHED,538003,A
2026-01-17T17:30:00Z,2025-26,22,Nottingham Forest FC,Arsenal FC,0.0,0.0,0.0,0.0,FINISHED,538002,D
2026-01-18T14:00:00Z,2025-26,22,Wolverhampton Wanderers FC,Newcastle United FC,0.0,0.0,0.0,0.0,FINISHED,538004,D
2026-01-18T16:30:00Z,2025-26,22,Aston Villa FC,Everton FC,0.0,1.0,0.0,1.0,FINISHED,537996,A
2026-01-19T20:00:00Z,2025-26,22,Brighton & Hove Albion FC,AFC Bournemouth,1.0,1.0,1.0,1.0,FINISHED,537997,D
2026-01-24T12:30:00Z,2025-26,23,West Ham United FC,Sunderland AFC,3.0,1.0,3.0,1.0,FINISHED,538014,H
2026-01-24T15:00:00Z,2025-26,23,Burnley FC,Tottenham Hotspur FC,2.0,2.0,2.0,2.0,FINISHED,538009,D
2026-01-24T15:00:00Z,2025-26,23,Fulham FC,Brighton & Hove Albion FC,2.0,1.0,2.0,1.0,FINISHED,538011,H
2026-01-24T15:00:00Z,2025-26,23,Manchester City FC,Wolverhampton Wanderers FC,2.0,0.0,2.0,0.0,FINISHED,538012,H
2026-01-24T17:30:00Z,2025-26,23,AFC Bournemouth,Liverpool FC,3.0,2.0,3.0,2.0,FINISHED,538005,H
2026-01-25T14:00:00Z,2025-26,23,Crystal Palace FC,Chelsea FC,1.0,3.0,1.0,3.0,FINISHED,538006,A
2026-01-25T14:00:00Z,2025-26,23,Brentford FC,Nottingham Forest FC,0.0,2.0,0.0,2.0,FINISHED,538008,A
2026-01-25T14:00:00Z,2025-26,23,Newcastle United FC,Aston Villa FC,0.0,2.0,0.0,2.0,FINISHED,538013,A
2026-01-25T16:30:00Z,2025-26,23,Arsenal FC,Manchester United FC,2.0,3.0,2.0,3.0,FINISHED,538007,A
2026-01-26T20:00:00Z,2025-26,23,Everton FC,Leeds United FC,1.0,1.0,1.0,1.0,FINISHED,538010,D
2026-01-31T15:00:00Z,2025-26,24,Brighton & Hove Albion FC,Everton FC,1.0,1.0,1.0,1.0,FINISHED,538017,D
2026-01-31T15:00:00Z,2025-26,24,Leeds United FC,Arsenal FC,0.0,4.0,0.0,4.0,FINISHED,538020,A
2026-01-31T15:00:00Z,2025-26,24,Wolverhampton Wanderers FC,AFC Bournemouth,0.0,2.0,0.0,2.0,FINISHED,538024,A
2026-01-31T17:30:00Z,2025-26,24,Chelsea FC,West Ham United FC,3.0,2.0,3.0,2.0,FINISHED,538018,H
2026-01-31T20:00:00Z,2025-26,24,Liverpool FC,Newcastle United FC,4.0,1.0,4.0,1.0,FINISHED,538019,H
2026-02-01T14:00:00Z,2025-26,24,Aston Villa FC,Brentford FC,0.0,1.0,0.0,1.0,FINISHED,538016,A
2026-02-01T14:00:00Z,2025-26,24,Manchester United FC,Fulham FC,3.0,2.0,3.0,2.0,FINISHED,538021,H
2026-02-01T14:00:00Z,2025-26,24,Nottingham Forest FC,Crystal Palace FC,1.0,1.0,1.0,1.0,FINISHED,538022,D
2026-02-01T16:30:00Z,2025-26,24,Tottenham Hotspur FC,Manchester City FC,2.0,2.0,2.0,2.0,FINISHED,538023,D
2026-02-02T20:00:00Z,2025-26,24,Sunderland AFC,Burnley FC,3.0,0.0,3.0,0.0,FINISHED,538015,H
2026-02-06T20:00:00Z,2025-26,25,Leeds United FC,Nottingham Forest FC,3.0,1.0,3.0,1.0,FINISHED,538031,H
2026-02-07T12:30:00Z,2025-26,25,Manchester United FC,Tottenham Hotspur FC,2.0,0.0,2.0,0.0,FINISHED,538032,H
2026-02-07T15:00:00Z,2025-26,25,AFC Bournemouth,Aston Villa FC,1.0,1.0,1.0,1.0,FINISHED,538025,D
2026-02-07T15:00:00Z,2025-26,25,Arsenal FC,Sunderland AFC,3.0,0.0,3.0,0.0,FINISHED,538027,H
2026-02-07T15:00:00Z,2025-26,25,Burnley FC,West Ham United FC,0.0,2.0,0.0,2.0,FINISHED,538028,A
2026-02-07T15:00:00Z,2025-26,25,Fulham FC,Everton FC,1.0,2.0,1.0,2.0,FINISHED,538029,A
2026-02-07T15:00:00Z,2025-26,25,Wolverhampton Wanderers FC,Chelsea FC,1.0,3.0,1.0,3.0,FINISHED,538034,A
2026-02-07T17:30:00Z,2025-26,25,Newcastle United FC,Brentford FC,2.0,3.0,2.0,3.0,FINISHED,538033,A
2026-02-08T14:00:00Z,2025-26,25,Brighton & Hove Albion FC,Crystal Palace FC,0.0,1.0,0.0,1.0,FINISHED,538026,A
2026-02-08T16:30:00Z,2025-26,25,Liverpool FC,Manchester City FC,1.0,2.0,1.0,2.0,FINISHED,538030,A
2026-02-10T19:30:00Z,2025-26,26,Chelsea FC,Leeds United FC,2.0,2.0,2.0,2.0,FINISHED,538039,D
2026-02-10T19:30:00Z,2025-26,26,Everton FC,AFC Bournemouth,1.0,2.0,1.0,2.0,FINISHED,538040,A
2026-02-10T19:30:00Z,2025-26,26,Tottenham Hotspur FC,Newcastle United FC,1.0,2.0,1.0,2.0,FINISHED,538043,A
2026-02-10T20:15:00Z,2025-26,26,West Ham United FC,Manchester United FC,1.0,1.0,1.0,1.0,FINISHED,538044,D
2026-02-11T19:30:00Z,2025-26,26,Aston Villa FC,Brighton & Hove Albion FC,1.0,0.0,1.0,0.0,FINISHED,538036,H
2026-02-11T19:30:00Z,2025-26,26,Manchester City FC,Fulham FC,3.0,0.0,3.0,0.0,FINISHED,538041,H
2026-02-11T19:30:00Z,2025-26,26,Nottingham Forest FC,Wolverhampton Wanderers FC,0.0,0.0,0.0,0.0,FINISHED,538042,D
2026-02-11T19:40:00Z,2025-26,26,Crystal Palace FC,Burnley FC,2.0,3.0,2.0,3.0,FINISHED,538037,A
2026-02-11T20:15:00Z,2025-26,26,Sunderland AFC,Liverpool FC,0.0,1.0,0.0,1.0,FINISHED,538035,A
2026-02-12T20:00:00Z,2025-26,26,Brentford FC,Arsenal FC,1.0,1.0,1.0,1.0,FINISHED,538038,D
2026-02-18T20:00:00Z,2025-26,26,Wolverhampton Wanderers FC,Arsenal FC,2.0,2.0,2.0,2.0,FINISHED,538094,D
2026-02-21T15:00:00Z,2025-26,27,Aston Villa FC,Leeds United FC,1.0,1.0,1.0,1.0,FINISHED,538046,D
2026-02-21T15:00:00Z,2025-26,27,Brentford FC,Brighton & Hove Albion FC,0.0,2.0,0.0,2.0,FINISHED,538048,A
2026-02-21T15:00:00Z,2025-26,27,Chelsea FC,Burnley FC,1.0,1.0,1.0,1.0,FINISHED,538049,D
2026-02-21T17:30:00Z,2025-26,27,West Ham United FC,AFC Bournemouth,0.0,0.0,0.0,0.0,FINISHED,538054,D
2026-02-21T20:00:00Z,2025-26,27,Manchester City FC,Newcastle United FC,2.0,1.0,2.0,1.0,FINISHED,538051,H
2026-02-22T14:00:00Z,2025-26,27,Sunderland AFC,Fulham FC,1.0,3.0,1.0,3.0,FINISHED,538045,A
2026-02-22T14:00:00Z,2025-26,27,Crystal Palace FC,Wolverhampton Wanderers FC,1.0,0.0,1.0,0.0,FINISHED,538047,H
2026-02-22T14:00:00Z,2025-26,27,Nottingham Forest FC,Liverpool FC,0.0,1.0,0.0,1.0,FINISHED,538052,A
2026-02-22T16:30:00Z,2025-26,27,Tottenham Hotspur FC,Arsenal FC,1.0,4.0,1.0,4.0,FINISHED,538053,A
2026-02-23T20:00:00Z,2025-26,27,Everton FC,Manchester United FC,0.0,1.0,0.0,1.0,FINISHED,538050,A
2026-02-27T20:00:00Z,2025-26,28,Wolverhampton Wanderers FC,Aston Villa FC,2.0,0.0,2.0,0.0,FINISHED,538064,H
2026-02-28T12:30:00Z,2025-26,28,AFC Bournemouth,Sunderland AFC,1.0,1.0,1.0,1.0,FINISHED,538055,D
2026-02-28T15:00:00Z,2025-26,28,Burnley FC,Brentford FC,3.0,4.0,3.0,4.0,FINISHED,538058,A
2026-02-28T15:00:00Z,2025-26,28,Liverpool FC,West Ham United FC,5.0,2.0,5.0,2.0,FINISHED,538060,H
2026-02-28T15:00:00Z,2025-26,28,Newcastle United FC,Everton FC,2.0,3.0,2.0,3.0,FINISHED,538063,A
2026-02-28T17:30:00Z,2025-26,28,Leeds United FC,Manchester City FC,0.0,1.0,0.0,1.0,FINISHED,538061,A
2026-03-01T14:00:00Z,2025-26,28,Brighton & Hove Albion FC,Nottingham Forest FC,2.0,1.0,2.0,1.0,FINISHED,538056,H
2026-03-01T14:00:00Z,2025-26,28,Fulham FC,Tottenham Hotspur FC,2.0,1.0,2.0,1.0,FINISHED,538059,H
2026-03-01T14:00:00Z,2025-26,28,Manchester United FC,Crystal Palace FC,2.0,1.0,2.0,1.0,FINISHED,538062,H
2026-03-01T16:30:00Z,2025-26,28,Arsenal FC,Chelsea FC,2.0,1.0,2.0,1.0,FINISHED,538057,H
2026-03-03T19:30:00Z,2025-26,29,AFC Bournemouth,Brentford FC,0.0,0.0,0.0,0.0,FINISHED,538065,D
2026-03-03T19:30:00Z,2025-26,29,Everton FC,Burnley FC,2.0,0.0,2.0,0.0,FINISHED,538068,H
2026-03-03T19:30:00Z,2025-26,29,Leeds United FC,Sunderland AFC,0.0,1.0,0.0,1.0,FINISHED,538070,A
2026-03-03T20:15:00Z,2025-26,29,Wolverhampton Wanderers FC,Liverpool FC,2.0,1.0,2.0,1.0,FINISHED,538074,H
2026-03-04T19:30:00Z,2025-26,29,Aston Villa FC,Chelsea FC,1.0,4.0,1.0,4.0,FINISHED,538066,A
2026-03-04T19:30:00Z,2025-26,29,Brighton & Hove Albion FC,Arsenal FC,0.0,1.0,0.0,1.0,FINISHED,538067,A
2026-03-04T19:30:00Z,2025-26,29,Fulham FC,West Ham United FC,0.0,1.0,0.0,1.0,FINISHED,538069,A
2026-03-04T19:30:00Z,2025-26,29,Manchester City FC,Nottingham Forest FC,2.0,2.0,2.0,2.0,FINISHED,538071,D
2026-03-04T20:15:00Z,2025-26,29,Newcastle United FC,Manchester United FC,2.0,1.0,2.0,1.0,FINISHED,538072,H
2026-03-05T20:00:00Z,2025-26,29,Tottenham Hotspur FC,Crystal Palace FC,1.0,3.0,1.0,3.0,FINISHED,538073,A
2026-03-14T15:00:00Z,2025-26,30,Sunderland AFC,Brighton & Hove Albion FC,0.0,1.0,0.0,1.0,FINISHED,538075,A
2026-03-14T15:00:00Z,2025-26,30,Burnley FC,AFC Bournemouth,0.0,0.0,0.0,0.0,FINISHED,538079,D
2026-03-14T17:30:00Z,2025-26,30,Arsenal FC,Everton FC,2.0,0.0,2.0,0.0,FINISHED,538077,H
2026-03-14T17:30:00Z,2025-26,30,Chelsea FC,Newcastle United FC,0.0,1.0,0.0,1.0,FINISHED,538080,A
2026-03-14T20:00:00Z,2025-26,30,West Ham United FC,Manchester City FC,1.0,1.0,1.0,1.0,FINISHED,538084,D
2026-03-15T14:00:00Z,2025-26,30,Crystal Palace FC,Leeds United FC,0.0,0.0,0.0,0.0,FINISHED,538076,D
2026-03-15T14:00:00Z,2025-26,30,Manchester United FC,Aston Villa FC,3.0,1.0,3.0,1.0,FINISHED,538082,H
2026-03-15T14:00:00Z,2025-26,30,Nottingham Forest FC,Fulham FC,0.0,0.0,0.0,0.0,FINISHED,538083,D
2026-03-15T16:30:00Z,2025-26,30,Liverpool FC,Tottenham Hotspur FC,1.0,1.0,1.0,1.0,FINISHED,538081,D
2026-03-16T20:00:00Z,2025-26,30,Brentford FC,Wolverhampton Wanderers FC,2.0,2.0,2.0,2.0,FINISHED,538078,D
