api_match_id,season,gameweek,match_date,home_team,away_team,home_team_api_id,away_team_api_id,status,home_goals,away_goals,half_time_home_goals,half_time_away_goals,result
497410,2024-25,1,2024-08-16T19:00:00Z,Manchester United FC,Fulham FC,66,63,FINISHED,1,0,0,0,H
497411,2024-25,1,2024-08-17T11:30:00Z,Ipswich Town FC,Liverpool FC,349,64,FINISHED,0,2,0,0,A
497412,2024-25,1,2024-08-17T14:00:00Z,Arsenal FC,Wolverhampton Wanderers FC,57,76,FINISHED,2,0,1,0,H
497413,2024-25,1,2024-08-17T14:00:00Z,Everton FC,Brighton & Hove Albion FC,62,397,FINISHED,0,3,0,1,A
497414,2024-25,1,2024-08-17T14:00:00Z,Newcastle United FC,Southampton FC,67,340,FINISHED,1,0,1,0,H
497415,2024-25,1,2024-08-17T14:00:00Z,Nottingham Forest FC,AFC Bournemouth,351,1044,FINISHED,1,1,1,0,D
497416,2024-25,1,2024-08-17T16:30:00Z,West Ham United FC,Aston Villa FC,563,58,FINISHED,1,2,1,1,A
497417,2024-25,1,2024-08-18T13:00:00Z,Brentford FC,Crystal Palace FC,402,354,FINISHED,2,1,1,0,H
497418,2024-25,1,2024-08-18T15:30:00Z,Chelsea FC,Manchester City FC,61,65,FINISHED,0,2,0,1,A
497419,2024-25,1,2024-08-19T19:00:00Z,Leicester City FC,Tottenham Hotspur FC,338,73,FINISHED,1,1,0,1,D
497422,2024-25,2,2024-08-24T11:30:00Z,Brighton & Hove Albion FC,Manchester United FC,397,66,FINISHED,2,1,1,0,H
497423,2024-25,2,2024-08-24T14:00:00Z,Crystal Palace FC,West Ham United FC,354,563,FINISHED,0,2,0,0,A
497424,2024-25,2,2024-08-24T14:00:00Z,Fulham FC,Leicester City FC,63,338,FINISHED,2,1,1,1,H
497426,2024-25,2,2024-08-24T14:00:00Z,Manchester City FC,Ipswich Town FC,65,349,FINISHED,4,1,3,1,H
497427,2024-25,2,2024-08-24T14:00:00Z,Southampton FC,Nottingham Forest FC,340,351,FINISHED,0,1,0,0,A
497428,2024-25,2,2024-08-24T14:00:00Z,Tottenham Hotspur FC,Everton FC,73,62,FINISHED,4,0,2,0,H
497421,2024-25,2,2024-08-24T16:30:00Z,Aston Villa FC,Arsenal FC,58,57,FINISHED,0,2,0,0,A
497420,2024-25,2,2024-08-25T13:00:00Z,AFC Bournemouth,Newcastle United FC,1044,67,FINISHED,1,1,1,0,D
497429,2024-25,2,2024-08-25T13:00:00Z,Wolverhampton Wanderers FC,Chelsea FC,76,61,FINISHED,2,6,2,2,A
497425,2024-25,2,2024-08-25T15:30:00Z,Liverpool FC,Brentford FC,64,402,FINISHED,2,0,1,0,H
497430,2024-25,3,2024-08-31T11:30:00Z,Arsenal FC,Brighton & Hove Albion FC,57,397,FINISHED,1,1,1,0,D
497431,2024-25,3,2024-08-31T14:00:00Z,Brentford FC,Southampton FC,402,340,FINISHED,3,1,1,0,H
497433,2024-25,3,2024-08-31T14:00:00Z,Everton FC,AFC Bournemouth,62,1044,FINISHED,2,3,0,0,A
497434,2024-25,3,2024-08-31T14:00:00Z,Ipswich Town FC,Fulham FC,349,63,FINISHED,1,1,1,1,D
497435,2024-25,3,2024-08-31T14:00:00Z,Leicester City FC,Aston Villa FC,338,58,FINISHED,1,2,0,1,A
497438,2024-25,3,2024-08-31T14:00:00Z,Nottingham Forest FC,Wolverhampton Wanderers FC,351,76,FINISHED,1,1,1,1,D
497439,2024-25,3,2024-08-31T16:30:00Z,West Ham United FC,Manchester City FC,563,65,FINISHED,1,3,1,2,A
497432,2024-25,3,2024-09-01T12:30:00Z,Chelsea FC,Crystal Palace FC,61,354,FINISHED,1,1,1,0,D
497437,2024-25,3,2024-09-01T12:30:00Z,Newcastle United FC,Tottenham Hotspur FC,67,73,FINISHED,2,1,1,0,H
497436,2024-25,3,2024-09-01T15:00:00Z,Manchester United FC,Liverpool FC,66,64,FINISHED,0,3,0,2,A
497447,2024-25,4,2024-09-14T11:30:00Z,Southampton FC,Manchester United FC,340,66,FINISHED,0,3,0,2,A
497442,2024-25,4,2024-09-14T14:00:00Z,Brighton & Hove Albion FC,Ipswich Town FC,397,349,FINISHED,0,0,0,0,D
497443,2024-25,4,2024-09-14T14:00:00Z,Crystal Palace FC,Leicester City FC,354,338,FINISHED,2,2,0,1,D
497444,2024-25,4,2024-09-14T14:00:00Z,Fulham FC,West Ham United FC,63,563,FINISHED,1,1,1,0,D
497445,2024-25,4,2024-09-14T14:00:00Z,Liverpool FC,Nottingham Forest FC,64,351,FINISHED,0,1,0,0,A
497446,2024-25,4,2024-09-14T14:00:00Z,Manchester City FC,Brentford FC,65,402,FINISHED,2,1,2,1,H
497441,2024-25,4,2024-09-14T16:30:00Z,Aston Villa FC,Everton FC,58,62,FINISHED,3,2,1,2,H
497440,2024-25,4,2024-09-14T19:00:00Z,AFC Bournemouth,Chelsea FC,1044,61,FINISHED,0,1,0,0,A
497448,2024-25,4,2024-09-15T13:00:00Z,Tottenham Hotspur FC,Arsenal FC,73,57,FINISHED,0,1,0,0,A
497449,2024-25,4,2024-09-15T15:30:00Z,Wolverhampton Wanderers FC,Newcastle United FC,76,67,FINISHED,1,2,1,0,A
497459,2024-25,5,2024-09-21T11:30:00Z,West Ham United FC,Chelsea FC,563,61,FINISHED,0,3,0,2,A
497450,2024-25,5,2024-09-21T14:00:00Z,Aston Villa FC,Wolverhampton Wanderers FC,58,76,FINISHED,3,1,0,1,H
497453,2024-25,5,2024-09-21T14:00:00Z,Fulham FC,Newcastle United FC,63,67,FINISHED,3,1,2,0,H
497454,2024-25,5,2024-09-21T14:00:00Z,Leicester City FC,Everton FC,338,62,FINISHED,1,1,0,1,D
497455,2024-25,5,2024-09-21T14:00:00Z,Liverpool FC,AFC Bournemouth,64,1044,FINISHED,3,0,3,0,H
497457,2024-25,5,2024-09-21T14:00:00Z,Southampton FC,Ipswich Town FC,340,349,FINISHED,1,1,1,0,D
497458,2024-25,5,2024-09-21T14:00:00Z,Tottenham Hotspur FC,Brentford FC,73,402,FINISHED,3,1,2,1,H
497452,2024-25,5,2024-09-21T16:30:00Z,Crystal Palace FC,Manchester United FC,354,66,FINISHED,0,0,0,0,D
497451,2024-25,5,2024-09-22T13:00:00Z,Brighton & Hove Albion FC,Nottingham Forest FC,397,351,FINISHED,2,2,2,1,D
497456,2024-25,5,2024-09-22T15:30:00Z,Manchester City FC,Arsenal FC,65,57,FINISHED,2,2,1,2,D
497467,2024-25,6,2024-09-28T11:30:00Z,Newcastle United FC,Manchester City FC,67,65,FINISHED,1,1,0,1,D
497461,2024-25,6,2024-09-28T14:00:00Z,Arsenal FC,Leicester City FC,57,338,FINISHED,4,2,2,0,H
497462,2024-25,6,2024-09-28T14:00:00Z,Brentford FC,West Ham United FC,402,563,FINISHED,1,1,1,0,D
497463,2024-25,6,2024-09-28T14:00:00Z,Chelsea FC,Brighton & Hove Albion FC,61,397,FINISHED,4,2,4,2,H
497464,2024-25,6,2024-09-28T14:00:00Z,Everton FC,Crystal Palace FC,62,354,FINISHED,2,1,0,1,H
497468,2024-25,6,2024-09-28T14:00:00Z,Nottingham Forest FC,Fulham FC,351,63,FINISHED,0,1,0,0,A
497469,2024-25,6,2024-09-28T16:30:00Z,Wolverhampton Wanderers FC,Liverpool FC,76,64,FINISHED,1,2,0,1,A
497465,2024-25,6,2024-09-29T13:00:00Z,Ipswich Town FC,Aston Villa FC,349,58,FINISHED,2,2,1,2,D
497466,2024-25,6,2024-09-29T15:30:00Z,Manchester United FC,Tottenham Hotspur FC,66,73,FINISHED,0,3,0,1,A
497460,2024-25,6,2024-09-30T19:00:00Z,AFC Bournemouth,Southampton FC,1044,340,FINISHED,3,1,3,0,H
497475,2024-25,7,2024-10-05T11:30:00Z,Crystal Palace FC,Liverpool FC,354,64,FINISHED,0,1,0,1,A
497470,2024-25,7,2024-10-05T14:00:00Z,Arsenal FC,Southampton FC,57,340,FINISHED,3,1,0,0,H
497472,2024-25,7,2024-10-05T14:00:00Z,Brentford FC,Wolverhampton Wanderers FC,402,76,FINISHED,5,3,4,2,H
497477,2024-25,7,2024-10-05T14:00:00Z,Leicester City FC,AFC Bournemouth,338,1044,FINISHED,1,0,1,0,H
497478,2024-25,7,2024-10-05T14:00:00Z,Manchester City FC,Fulham FC,65,63,FINISHED,3,2,1,1,H
497479,2024-25,7,2024-10-05T14:00:00Z,West Ham United FC,Ipswich Town FC,563,349,FINISHED,4,1,2,1,H
497476,2024-25,7,2024-10-05T16:30:00Z,Everton FC,Newcastle United FC,62,67,FINISHED,0,0,0,0,D
497471,2024-25,7,2024-10-06T13:00:00Z,Aston Villa FC,Manchester United FC,58,66,FINISHED,0,0,0,0,D
497474,2024-25,7,2024-10-06T13:00:00Z,Chelsea FC,Nottingham Forest FC,61,351,FINISHED,1,1,0,0,D
497473,2024-25,7,2024-10-06T15:30:00Z,Brighton & Hove Albion FC,Tottenham Hotspur FC,397,73,FINISHED,3,2,0,2,H
497488,2024-25,8,2024-10-19T11:30:00Z,Tottenham Hotspur FC,West Ham United FC,73,563,FINISHED,4,1,1,1,H
497481,2024-25,8,2024-10-19T14:00:00Z,Fulham FC,Aston Villa FC,63,58,FINISHED,1,3,1,1,A
497482,2024-25,8,2024-10-19T14:00:00Z,Ipswich Town FC,Everton FC,349,62,FINISHED,0,2,0,2,A
497484,2024-25,8,2024-10-19T14:00:00Z,Manchester United FC,Brentford FC,66,402,FINISHED,2,1,0,1,H
497485,2024-25,8,2024-10-19T14:00:00Z,Newcastle United FC,Brighton & Hove Albion FC,67,397,FINISHED,0,1,0,1,A
497487,2024-25,8,2024-10-19T14:00:00Z,Southampton FC,Leicester City FC,340,338,FINISHED,2,3,2,0,A
497480,2024-25,8,2024-10-19T16:30:00Z,AFC Bournemouth,Arsenal FC,1044,57,FINISHED,2,0,0,0,H
497489,2024-25,8,2024-10-20T13:00:00Z,Wolverhampton Wanderers FC,Manchester City FC,76,65,FINISHED,1,2,1,1,A
497483,2024-25,8,2024-10-20T15:30:00Z,Liverpool FC,Chelsea FC,64,61,FINISHED,2,1,1,0,H
497486,2024-25,8,2024-10-21T19:00:00Z,Nottingham Forest FC,Crystal Palace FC,351,354,FINISHED,1,0,0,0,H
497497,2024-25,9,2024-10-25T19:00:00Z,Leicester City FC,Nottingham Forest FC,338,351,FINISHED,1,3,1,1,A
497491,2024-25,9,2024-10-26T14:00:00Z,Aston Villa FC,AFC Bournemouth,58,1044,FINISHED,1,1,0,0,D
497492,2024-25,9,2024-10-26T14:00:00Z,Brentford FC,Ipswich Town FC,402,349,FINISHED,4,3,2,2,H
497493,2024-25,9,2024-10-26T14:00:00Z,Brighton & Hove Albion FC,Wolverhampton Wanderers FC,397,76,FINISHED,2,2,1,0,D
497498,2024-25,9,2024-10-26T14:00:00Z,Manchester City FC,Southampton FC,65,340,FINISHED,1,0,1,0,H
497496,2024-25,9,2024-10-26T16:30:00Z,Everton FC,Fulham FC,62,63,FINISHED,1,1,0,0,D
497494,2024-25,9,2024-10-27T14:00:00Z,Chelsea FC,Newcastle United FC,61,67,FINISHED,2,1,1,1,H
497495,2024-25,9,2024-10-27T14:00:00Z,Crystal Palace FC,Tottenham Hotspur FC,354,73,FINISHED,1,0,1,0,H
497499,2024-25,9,2024-10-27T14:00:00Z,West Ham United FC,Manchester United FC,563,66,FINISHED,2,1,0,0,H
497490,2024-25,9,2024-10-27T16:30:00Z,Arsenal FC,Liverpool FC,57,64,FINISHED,2,2,2,1,D
497505,2024-25,10,2024-11-02T12:30:00Z,Newcastle United FC,Arsenal FC,67,57,FINISHED,1,0,1,0,H
497500,2024-25,10,2024-11-02T15:00:00Z,AFC Bournemouth,Manchester City FC,1044,65,FINISHED,2,1,1,0,H
497502,2024-25,10,2024-11-02T15:00:00Z,Ipswich Town FC,Leicester City FC,349,338,FINISHED,1,1,0,0,D
497503,2024-25,10,2024-11-02T15:00:00Z,Liverpool FC,Brighton & Hove Albion FC,64,397,FINISHED,2,1,0,1,H
497506,2024-25,10,2024-11-02T15:00:00Z,Nottingham Forest FC,West Ham United FC,351,563,FINISHED,3,0,1,0,H
497507,2024-25,10,2024-11-02T15:00:00Z,Southampton FC,Everton FC,340,62,FINISHED,1,0,0,0,H
497509,2024-25,10,2024-11-02T17:30:00Z,Wolverhampton Wanderers FC,Crystal Palace FC,76,354,FINISHED,2,2,0,0,D
497508,2024-25,10,2024-11-03T14:00:00Z,Tottenham Hotspur FC,Aston Villa FC,73,58,FINISHED,4,1,0,1,H
497504,2024-25,10,2024-11-03T16:30:00Z,Manchester United FC,Chelsea FC,66,61,FINISHED,1,1,0,0,D
497501,2024-25,10,2024-11-04T20:00:00Z,Fulham FC,Brentford FC,63,402,FINISHED,2,1,0,1,H
497510,2024-25,11,2024-11-09T15:00:00Z,Brentford FC,AFC Bournemouth,402,1044,FINISHED,3,2,1,1,H
497513,2024-25,11,2024-11-09T15:00:00Z,Crystal Palace FC,Fulham FC,354,63,FINISHED,0,2,0,1,A
497518,2024-25,11,2024-11-09T15:00:00Z,West Ham United FC,Everton FC,563,62,FINISHED,0,0,0,0,D
497519,2024-25,11,2024-11-09T15:00:00Z,Wolverhampton Wanderers FC,Southampton FC,76,340,FINISHED,2,0,1,0,H
497511,2024-25,11,2024-11-09T17:30:00Z,Brighton & Hove Albion FC,Manchester City FC,397,65,FINISHED,2,1,0,1,H
497514,2024-25,11,2024-11-09T20:00:00Z,Liverpool FC,Aston Villa FC,64,58,FINISHED,2,0,1,0,H
497515,2024-25,11,2024-11-10T14:00:00Z,Manchester United FC,Leicester City FC,66,338,FINISHED,3,0,2,0,H
497516,2024-25,11,2024-11-10T14:00:00Z,Nottingham Forest FC,Newcastle United FC,351,67,FINISHED,1,3,1,0,A
497517,2024-25,11,2024-11-10T14:00:00Z,Tottenham Hotspur FC,Ipswich Town FC,73,349,FINISHED,1,2,0,2,A
497512,2024-25,11,2024-11-10T16:30:00Z,Chelsea FC,Arsenal FC,61,57,FINISHED,1,1,0,0,D
497526,2024-25,12,2024-11-23T12:30:00Z,Leicester City FC,Chelsea FC,338,61,FINISHED,1,2,0,1,A
497520,2024-25,12,2024-11-23T15:00:00Z,AFC Bournemouth,Brighton & Hove Albion FC,1044,397,FINISHED,1,2,0,1,A
497521,2024-25,12,2024-11-23T15:00:00Z,Arsenal FC,Nottingham Forest FC,57,351,FINISHED,3,0,1,0,H
497522,2024-25,12,2024-11-23T15:00:00Z,Aston Villa FC,Crystal Palace FC,58,354,FINISHED,2,2,1,2,D
497523,2024-25,12,2024-11-23T15:00:00Z,Everton FC,Brentford FC,62,402,FINISHED,0,0,0,0,D
497524,2024-25,12,2024-11-23T15:00:00Z,Fulham FC,Wolverhampton Wanderers FC,63,76,FINISHED,1,4,1,1,A
497527,2024-25,12,2024-11-23T17:30:00Z,Manchester City FC,Tottenham Hotspur FC,65,73,FINISHED,0,4,0,2,A
497529,2024-25,12,2024-11-24T14:00:00Z,Southampton FC,Liverpool FC,340,64,FINISHED,2,3,1,1,A
497525,2024-25,12,2024-11-24T16:30:00Z,Ipswich Town FC,Manchester United FC,349,66,FINISHED,1,1,1,1,D
497528,2024-25,12,2024-11-25T20:00:00Z,Newcastle United FC,West Ham United FC,67,563,FINISHED,0,2,0,1,A
497531,2024-25,13,2024-11-29T20:00:00Z,Brighton & Hove Albion FC,Southampton FC,397,340,FINISHED,1,1,1,0,D
497530,2024-25,13,2024-11-30T15:00:00Z,Brentford FC,Leicester City FC,402,338,FINISHED,4,1,3,1,H
497533,2024-25,13,2024-11-30T15:00:00Z,Crystal Palace FC,Newcastle United FC,354,67,FINISHED,1,1,0,0,D
497536,2024-25,13,2024-11-30T15:00:00Z,Nottingham Forest FC,Ipswich Town FC,351,349,FINISHED,1,0,0,0,H
497539,2024-25,13,2024-11-30T15:00:00Z,Wolverhampton Wanderers FC,AFC Bournemouth,76,1044,FINISHED,2,4,1,3,A
497538,2024-25,13,2024-11-30T17:30:00Z,West Ham United FC,Arsenal FC,563,57,FINISHED,2,5,2,5,A
497532,2024-25,13,2024-12-01T13:30:00Z,Chelsea FC,Aston Villa FC,61,58,FINISHED,3,0,2,0,H
497535,2024-25,13,2024-12-01T13:30:00Z,Manchester United FC,Everton FC,66,62,FINISHED,4,0,2,0,H
497537,2024-25,13,2024-12-01T13:30:00Z,Tottenham Hotspur FC,Fulham FC,73,63,FINISHED,1,1,0,0,D
497534,2024-25,13,2024-12-01T16:00:00Z,Liverpool FC,Manchester City FC,64,65,FINISHED,2,0,1,0,H
497545,2024-25,14,2024-12-03T19:30:00Z,Ipswich Town FC,Crystal Palace FC,349,354,FINISHED,0,1,0,0,A
497546,2024-25,14,2024-12-03T20:15:00Z,Leicester City FC,West Ham United FC,338,563,FINISHED,3,1,1,0,H
497543,2024-25,14,2024-12-04T19:30:00Z,Everton FC,Wolverhampton Wanderers FC,62,76,FINISHED,4,0,2,0,H
497547,2024-25,14,2024-12-04T19:30:00Z,Manchester City FC,Nottingham Forest FC,65,351,FINISHED,3,0,2,0,H
497548,2024-25,14,2024-12-04T19:30:00Z,Newcastle United FC,Liverpool FC,67,64,FINISHED,3,3,1,0,D
497549,2024-25,14,2024-12-04T19:30:00Z,Southampton FC,Chelsea FC,340,61,FINISHED,1,5,1,3,A
497541,2024-25,14,2024-12-04T20:15:00Z,Arsenal FC,Manchester United FC,57,66,FINISHED,2,0,0,0,H
497542,2024-25,14,2024-12-04T20:15:00Z,Aston Villa FC,Brentford FC,58,402,FINISHED,3,1,3,0,H
497544,2024-25,14,2024-12-05T19:30:00Z,Fulham FC,Brighton & Hove Albion FC,63,397,FINISHED,3,1,1,0,H
497540,2024-25,14,2024-12-05T20:15:00Z,AFC Bournemouth,Tottenham Hotspur FC,1044,73,FINISHED,1,0,1,0,H
497550,2024-25,15,2024-12-07T15:00:00Z,Aston Villa FC,Southampton FC,58,340,FINISHED,1,0,1,0,H
497551,2024-25,15,2024-12-07T15:00:00Z,Brentford FC,Newcastle United FC,402,67,FINISHED,4,2,2,2,H
497552,2024-25,15,2024-12-07T15:00:00Z,Crystal Palace FC,Manchester City FC,354,65,FINISHED,2,2,1,1,D
497557,2024-25,15,2024-12-07T17:30:00Z,Manchester United FC,Nottingham Forest FC,66,351,FINISHED,2,3,1,1,A
497554,2024-25,15,2024-12-08T14:00:00Z,Fulham FC,Arsenal FC,63,57,FINISHED,1,1,1,0,D
497555,2024-25,15,2024-12-08T14:00:00Z,Ipswich Town FC,AFC Bournemouth,349,1044,FINISHED,1,2,1,0,A
497556,2024-25,15,2024-12-08T14:00:00Z,Leicester City FC,Brighton & Hove Albion FC,338,397,FINISHED,2,2,0,1,D
497558,2024-25,15,2024-12-08T16:30:00Z,Tottenham Hotspur FC,Chelsea FC,73,61,FINISHED,3,4,2,1,A
497559,2024-25,15,2024-12-09T20:00:00Z,West Ham United FC,Wolverhampton Wanderers FC,563,76,FINISHED,2,1,0,0,H
497561,2024-25,16,2024-12-14T15:00:00Z,Arsenal FC,Everton FC,57,62,FINISHED,0,0,0,0,D
497564,2024-25,16,2024-12-14T15:00:00Z,Liverpool FC,Fulham FC,64,63,FINISHED,2,2,0,1,D
497566,2024-25,16,2024-12-14T15:00:00Z,Newcastle United FC,Leicester City FC,67,338,FINISHED,4,0,1,0,H
497569,2024-25,16,2024-12-14T15:00:00Z,Wolverhampton Wanderers FC,Ipswich Town FC,76,349,FINISHED,1,2,0,1,A
497567,2024-25,16,2024-12-14T17:30:00Z,Nottingham Forest FC,Aston Villa FC,351,58,FINISHED,2,1,0,0,H
497562,2024-25,16,2024-12-15T14:00:00Z,Brighton & Hove Albion FC,Crystal Palace FC,397,354,FINISHED,1,3,0,2,A
497565,2024-25,16,2024-12-15T16:30:00Z,Manchester City FC,Manchester United FC,65,66,FINISHED,1,2,1,0,A
497563,2024-25,16,2024-12-15T19:00:00Z,Chelsea FC,Brentford FC,61,402,FINISHED,2,1,1,0,H
497568,2024-25,16,2024-12-15T19:00:00Z,Southampton FC,Tottenham Hotspur FC,340,73,FINISHED,0,5,0,5,A
497560,2024-25,16,2024-12-16T20:00:00Z,AFC Bournemouth,West Ham United FC,1044,563,FINISHED,1,1,0,0,D
497570,2024-25,17,2024-12-21T12:30:00Z,Aston Villa FC,Manchester City FC,58,65,FINISHED,2,1,1,0,H
497571,2024-25,17,2024-12-21T15:00:00Z,Brentford FC,Nottingham Forest FC,402,351,FINISHED,0,2,0,1,A
497575,2024-25,17,2024-12-21T15:00:00Z,Ipswich Town FC,Newcastle United FC,349,67,FINISHED,0,4,0,3,A
497579,2024-25,17,2024-12-21T15:00:00Z,West Ham United FC,Brighton & Hove Albion FC,563,397,FINISHED,1,1,0,0,D
497572,2024-25,17,2024-12-21T17:30:00Z,Crystal Palace FC,Arsenal FC,354,57,FINISHED,1,5,1,3,A
497573,2024-25,17,2024-12-22T14:00:00Z,Everton FC,Chelsea FC,62,61,FINISHED,0,0,0,0,D
497574,2024-25,17,2024-12-22T14:00:00Z,Fulham FC,Southampton FC,63,340,FINISHED,0,0,0,0,D
497576,2024-25,17,2024-12-22T14:00:00Z,Leicester City FC,Wolverhampton Wanderers FC,338,76,FINISHED,0,3,0,3,A
497577,2024-25,17,2024-12-22T14:00:00Z,Manchester United FC,AFC Bournemouth,66,1044,FINISHED,0,3,0,1,A
497578,2024-25,17,2024-12-22T16:30:00Z,Tottenham Hotspur FC,Liverpool FC,73,64,FINISHED,3,6,1,3,A
497585,2024-25,18,2024-12-26T12:30:00Z,Manchester City FC,Everton FC,65,62,FINISHED,1,1,1,1,D
497580,2024-25,18,2024-12-26T15:00:00Z,AFC Bournemouth,Crystal Palace FC,1044,354,FINISHED,0,0,0,0,D
497583,2024-25,18,2024-12-26T15:00:00Z,Chelsea FC,Fulham FC,61,63,FINISHED,1,2,1,0,A
497586,2024-25,18,2024-12-26T15:00:00Z,Newcastle United FC,Aston Villa FC,67,58,FINISHED,3,0,1,0,H
497587,2024-25,18,2024-12-26T15:00:00Z,Nottingham Forest FC,Tottenham Hotspur FC,351,73,FINISHED,1,0,1,0,H
497588,2024-25,18,2024-12-26T15:00:00Z,Southampton FC,West Ham United FC,340,563,FINISHED,0,1,0,0,A
497589,2024-25,18,2024-12-26T17:30:00Z,Wolverhampton Wanderers FC,Manchester United FC,76,66,FINISHED,2,0,0,0,H
497584,2024-25,18,2024-12-26T20:00:00Z,Liverpool FC,Leicester City FC,64,338,FINISHED,3,1,1,1,H
497582,2024-25,18,2024-12-27T19:30:00Z,Brighton & Hove Albion FC,Brentford FC,397,402,FINISHED,0,0,0,0,D
497581,2024-25,18,2024-12-27T20:15:00Z,Arsenal FC,Ipswich Town FC,57,349,FINISHED,1,0,1,0,H
497596,2024-25,19,2024-12-29T14:30:00Z,Leicester City FC,Manchester City FC,338,65,FINISHED,0,2,0,1,A
497592,2024-25,19,2024-12-29T15:00:00Z,Crystal Palace FC,Southampton FC,354,340,FINISHED,2,1,1,1,H
497593,2024-25,19,2024-12-29T15:00:00Z,Everton FC,Nottingham Forest FC,62,351,FINISHED,0,2,0,1,A
497594,2024-25,19,2024-12-29T15:00:00Z,Fulham FC,AFC Bournemouth,63,1044,FINISHED,2,2,1,0,D
497598,2024-25,19,2024-12-29T15:00:00Z,Tottenham Hotspur FC,Wolverhampton Wanderers FC,73,76,FINISHED,2,2,2,1,D
497599,2024-25,19,2024-12-29T17:15:00Z,West Ham United FC,Liverpool FC,563,64,FINISHED,0,5,0,3,A
497590,2024-25,19,2024-12-30T19:45:00Z,Aston Villa FC,Brighton & Hove Albion FC,58,397,FINISHED,2,2,1,1,D
497595,2024-25,19,2024-12-30T19:45:00Z,Ipswich Town FC,Chelsea FC,349,61,FINISHED,2,0,1,0,H
497597,2024-25,19,2024-12-30T20:00:00Z,Manchester United FC,Newcastle United FC,66,67,FINISHED,0,2,0,2,A
497591,2024-25,19,2025-01-01T17:30:00Z,Brentford FC,Arsenal FC,402,57,FINISHED,1,3,1,1,A
497607,2024-25,20,2025-01-04T12:30:00Z,Tottenham Hotspur FC,Newcastle United FC,73,67,FINISHED,1,2,1,2,A
497601,2024-25,20,2025-01-04T15:00:00Z,Southampton FC,Brentford FC,340,402,FINISHED,0,5,0,1,A
497602,2024-25,20,2025-01-04T15:00:00Z,Crystal Palace FC,Chelsea FC,354,61,FINISHED,1,1,0,1,D
497603,2024-25,20,2025-01-04T15:00:00Z,AFC Bournemouth,Everton FC,1044,62,FINISHED,1,0,0,0,H
497605,2024-25,20,2025-01-04T15:00:00Z,Aston Villa FC,Leicester City FC,58,338,FINISHED,2,1,0,0,H
497609,2024-25,20,2025-01-04T15:00:00Z,Manchester City FC,West Ham United FC,65,563,FINISHED,4,1,2,0,H
497600,2024-25,20,2025-01-04T17:30:00Z,Brighton & Hove Albion FC,Arsenal FC,397,57,FINISHED,1,1,0,1,D
497604,2024-25,20,2025-01-05T14:00:00Z,Fulham FC,Ipswich Town FC,63,349,FINISHED,2,2,0,1,D
497606,2024-25,20,2025-01-05T16:30:00Z,Liverpool FC,Manchester United FC,64,66,FINISHED,2,2,0,0,D
497608,2024-25,20,2025-01-06T20:00:00Z,Wolverhampton Wanderers FC,Nottingham Forest FC,76,351,FINISHED,0,3,0,2,A
497613,2024-25,21,2025-01-14T19:30:00Z,West Ham United FC,Fulham FC,563,63,FINISHED,3,2,2,0,H
497615,2024-25,21,2025-01-14T19:30:00Z,Brentford FC,Manchester City FC,402,65,FINISHED,2,2,0,0,D
497617,2024-25,21,2025-01-14T19:30:00Z,Chelsea FC,AFC Bournemouth,61,1044,FINISHED,2,2,1,0,D
497614,2024-25,21,2025-01-14T20:00:00Z,Nottingham Forest FC,Liverpool FC,351,64,FINISHED,1,1,1,0,D
497610,2024-25,21,2025-01-15T19:30:00Z,Everton FC,Aston Villa FC,62,58,FINISHED,0,1,0,0,A
497612,2024-25,21,2025-01-15T19:30:00Z,Leicester City FC,Crystal Palace FC,338,354,FINISHED,0,2,0,0,A
497619,2024-25,21,2025-01-15T19:30:00Z,Newcastle United FC,Wolverhampton Wanderers FC,67,76,FINISHED,3,0,1,0,H
497616,2024-25,21,2025-01-15T20:00:00Z,Arsenal FC,Tottenham Hotspur FC,57,73,FINISHED,2,1,2,1,H
497611,2024-25,21,2025-01-16T19:30:00Z,Ipswich Town FC,Brighton & Hove Albion FC,349,397,FINISHED,0,2,0,0,A
497618,2024-25,21,2025-01-16T20:00:00Z,Manchester United FC,Southampton FC,66,340,FINISHED,3,1,0,1,H
497620,2024-25,22,2025-01-18T12:30:00Z,Newcastle United FC,AFC Bournemouth,67,1044,FINISHED,1,4,1,2,A
497623,2024-25,22,2025-01-18T15:00:00Z,West Ham United FC,Crystal Palace FC,563,354,FINISHED,0,2,0,0,A
497624,2024-25,22,2025-01-18T15:00:00Z,Leicester City FC,Fulham FC,338,63,FINISHED,0,2,0,0,A
497625,2024-25,22,2025-01-18T15:00:00Z,Brentford FC,Liverpool FC,402,64,FINISHED,0,2,0,0,A
497621,2024-25,22,2025-01-18T17:30:00Z,Arsenal FC,Aston Villa FC,57,58,FINISHED,2,2,1,0,D
497622,2024-25,22,2025-01-19T14:00:00Z,Manchester United FC,Brighton & Hove Albion FC,66,397,FINISHED,1,3,1,1,A
497627,2024-25,22,2025-01-19T14:00:00Z,Nottingham Forest FC,Southampton FC,351,340,FINISHED,3,2,3,0,H
497628,2024-25,22,2025-01-19T14:00:00Z,Everton FC,Tottenham Hotspur FC,62,73,FINISHED,3,2,3,0,H
497626,2024-25,22,2025-01-19T16:30:00Z,Ipswich Town FC,Manchester City FC,349,65,FINISHED,0,6,0,3,A
497629,2024-25,22,2025-01-20T20:00:00Z,Chelsea FC,Wolverhampton Wanderers FC,61,76,FINISHED,3,1,1,1,H
497631,2024-25,23,2025-01-25T15:00:00Z,Liverpool FC,Ipswich Town FC,64,349,FINISHED,4,1,3,0,H
497632,2024-25,23,2025-01-25T15:00:00Z,Wolverhampton Wanderers FC,Arsenal FC,76,57,FINISHED,0,1,0,0,A
497633,2024-25,23,2025-01-25T15:00:00Z,Brighton & Hove Albion FC,Everton FC,397,62,FINISHED,0,1,0,1,A
497634,2024-25,23,2025-01-25T15:00:00Z,Southampton FC,Newcastle United FC,340,67,FINISHED,1,3,1,2,A
497635,2024-25,23,2025-01-25T15:00:00Z,AFC Bournemouth,Nottingham Forest FC,1044,351,FINISHED,5,0,1,0,H
497638,2024-25,23,2025-01-25T17:30:00Z,Manchester City FC,Chelsea FC,65,61,FINISHED,3,1,1,1,H
497637,2024-25,23,2025-01-26T14:00:00Z,Crystal Palace FC,Brentford FC,354,402,FINISHED,1,2,0,0,A
497639,2024-25,23,2025-01-26T14:00:00Z,Tottenham Hotspur FC,Leicester City FC,73,338,FINISHED,1,2,1,0,A
497636,2024-25,23,2025-01-26T16:30:00Z,Aston Villa FC,West Ham United FC,58,563,FINISHED,1,1,1,0,D
497630,2024-25,23,2025-01-26T19:00:00Z,Fulham FC,Manchester United FC,63,66,FINISHED,0,1,0,0,A
497641,2024-25,24,2025-02-01T12:30:00Z,Nottingham Forest FC,Brighton & Hove Albion FC,351,397,FINISHED,7,0,3,0,H
497643,2024-25,24,2025-02-01T15:00:00Z,Newcastle United FC,Fulham FC,67,63,FINISHED,1,2,1,0,A
497644,2024-25,24,2025-02-01T15:00:00Z,Everton FC,Leicester City FC,62,338,FINISHED,4,0,3,0,H
497645,2024-25,24,2025-02-01T15:00:00Z,AFC Bournemouth,Liverpool FC,1044,64,FINISHED,0,2,0,1,A
497647,2024-25,24,2025-02-01T15:00:00Z,Ipswich Town FC,Southampton FC,349,340,FINISHED,1,2,1,1,A
497640,2024-25,24,2025-02-01T17:30:00Z,Wolverhampton Wanderers FC,Aston Villa FC,76,58,FINISHED,2,0,1,0,H
497642,2024-25,24,2025-02-02T14:00:00Z,Manchester United FC,Crystal Palace FC,66,354,FINISHED,0,2,0,0,A
497648,2024-25,24,2025-02-02T14:00:00Z,Brentford FC,Tottenham Hotspur FC,402,73,FINISHED,0,2,0,1,A
497646,2024-25,24,2025-02-02T16:30:00Z,Arsenal FC,Manchester City FC,57,65,FINISHED,5,1,1,0,H
497649,2024-25,24,2025-02-03T20:00:00Z,Chelsea FC,West Ham United FC,61,563,FINISHED,2,1,0,1,H
497553,2024-25,15,2025-02-12T19:30:00Z,Everton FC,Liverpool FC,62,64,FINISHED,2,2,1,1,D
497653,2024-25,25,2025-02-14T20:00:00Z,Brighton & Hove Albion FC,Chelsea FC,397,61,FINISHED,3,0,2,0,H
497651,2024-25,25,2025-02-15T12:30:00Z,Leicester City FC,Arsenal FC,338,57,FINISHED,0,2,0,0,A
497650,2024-25,25,2025-02-15T15:00:00Z,Southampton FC,AFC Bournemouth,340,1044,FINISHED,1,3,0,2,A
497652,2024-25,25,2025-02-15T15:00:00Z,West Ham United FC,Brentford FC,563,402,FINISHED,0,1,0,1,A
497655,2024-25,25,2025-02-15T15:00:00Z,Aston Villa FC,Ipswich Town FC,58,349,FINISHED,1,1,0,0,D
497657,2024-25,25,2025-02-15T15:00:00Z,Manchester City FC,Newcastle United FC,65,67,FINISHED,4,0,3,0,H
497658,2024-25,25,2025-02-15T15:00:00Z,Fulham FC,Nottingham Forest FC,63,351,FINISHED,2,1,1,1,H
497654,2024-25,25,2025-02-15T17:30:00Z,Crystal Palace FC,Everton FC,354,62,FINISHED,1,2,0,1,A
497659,2024-25,25,2025-02-16T14:00:00Z,Liverpool FC,Wolverhampton Wanderers FC,64,76,FINISHED,2,1,2,0,H
497656,2024-25,25,2025-02-16T16:30:00Z,Tottenham Hotspur FC,Manchester United FC,73,66,FINISHED,1,0,1,0,H
497692,2024-25,29,2025-02-19T19:30:00Z,Aston Villa FC,Liverpool FC,58,64,FINISHED,2,2,2,1,D
497660,2024-25,26,2025-02-21T20:00:00Z,Leicester City FC,Brentford FC,338,402,FINISHED,0,4,0,3,A
497665,2024-25,26,2025-02-22T12:30:00Z,Everton FC,Manchester United FC,62,66,FINISHED,2,2,2,0,D
497666,2024-25,26,2025-02-22T15:00:00Z,Ipswich Town FC,Tottenham Hotspur FC,349,73,FINISHED,1,4,1,2,A
497667,2024-25,26,2025-02-22T15:00:00Z,Fulham FC,Crystal Palace FC,63,354,FINISHED,0,2,0,1,A
497668,2024-25,26,2025-02-22T15:00:00Z,Arsenal FC,West Ham United FC,57,563,FINISHED,0,1,0,1,A
497669,2024-25,26,2025-02-22T15:00:00Z,AFC Bournemouth,Wolverhampton Wanderers FC,1044,76,FINISHED,0,1,0,1,A
497661,2024-25,26,2025-02-22T15:00:00Z,Southampton FC,Brighton & Hove Albion FC,340,397,FINISHED,0,4,0,1,A
497662,2024-25,26,2025-02-22T17:30:00Z,Aston Villa FC,Chelsea FC,58,61,FINISHED,2,1,0,1,H
497663,2024-25,26,2025-02-23T14:00:00Z,Newcastle United FC,Nottingham Forest FC,67,351,FINISHED,4,3,4,1,H
497664,2024-25,26,2025-02-23T16:30:00Z,Manchester City FC,Liverpool FC,65,64,FINISHED,0,2,0,2,A
497670,2024-25,27,2025-02-25T19:30:00Z,Brighton & Hove Albion FC,AFC Bournemouth,397,1044,FINISHED,2,1,1,0,H
497672,2024-25,27,2025-02-25T19:30:00Z,Crystal Palace FC,Aston Villa FC,354,58,FINISHED,4,1,1,0,H
497674,2024-25,27,2025-02-25T19:30:00Z,Wolverhampton Wanderers FC,Fulham FC,76,63,FINISHED,1,2,1,1,A
497678,2024-25,27,2025-02-25T20:15:00Z,Chelsea FC,Southampton FC,61,340,FINISHED,4,0,3,0,H
497671,2024-25,27,2025-02-26T19:30:00Z,Nottingham Forest FC,Arsenal FC,351,57,FINISHED,0,0,0,0,D
497673,2024-25,27,2025-02-26T19:30:00Z,Brentford FC,Everton FC,402,62,FINISHED,1,1,1,0,D
497675,2024-25,27,2025-02-26T19:30:00Z,Tottenham Hotspur FC,Manchester City FC,73,65,FINISHED,0,1,0,1,A
497677,2024-25,27,2025-02-26T19:30:00Z,Manchester United FC,Ipswich Town FC,66,349,FINISHED,3,2,2,2,H
497679,2024-25,27,2025-02-26T20:15:00Z,Liverpool FC,Newcastle United FC,64,67,FINISHED,2,0,1,0,H
497676,2024-25,27,2025-02-27T20:00:00Z,West Ham United FC,Leicester City FC,563,338,FINISHED,2,0,2,0,H
497687,2024-25,28,2025-03-08T12:30:00Z,Nottingham Forest FC,Manchester City FC,351,65,FINISHED,1,0,0,0,H
497684,2024-25,28,2025-03-08T15:00:00Z,Brighton & Hove Albion FC,Fulham FC,397,63,FINISHED,2,1,1,1,H
497685,2024-25,28,2025-03-08T15:00:00Z,Crystal Palace FC,Ipswich Town FC,354,349,FINISHED,1,0,0,0,H
497688,2024-25,28,2025-03-08T15:00:00Z,Liverpool FC,Southampton FC,64,340,FINISHED,3,1,0,1,H
497682,2024-25,28,2025-03-08T17:30:00Z,Brentford FC,Aston Villa FC,402,58,FINISHED,0,1,0,0,A
497683,2024-25,28,2025-03-08T20:00:00Z,Wolverhampton Wanderers FC,Everton FC,76,62,FINISHED,1,1,1,1,D
497680,2024-25,28,2025-03-09T14:00:00Z,Tottenham Hotspur FC,AFC Bournemouth,73,1044,FINISHED,2,2,0,1,D
497689,2024-25,28,2025-03-09T14:00:00Z,Chelsea FC,Leicester City FC,61,338,FINISHED,1,0,0,0,H
497681,2024-25,28,2025-03-09T16:30:00Z,Manchester United FC,Arsenal FC,66,57,FINISHED,1,1,1,0,D
497686,2024-25,28,2025-03-10T20:00:00Z,West Ham United FC,Newcastle United FC,563,67,FINISHED,0,1,0,0,A
497693,2024-25,29,2025-03-15T15:00:00Z,Everton FC,West Ham United FC,62,563,FINISHED,1,1,0,0,D
497695,2024-25,29,2025-03-15T15:00:00Z,Ipswich Town FC,Nottingham Forest FC,349,351,FINISHED,2,4,0,3,A
497697,2024-25,29,2025-03-15T15:00:00Z,Manchester City FC,Brighton & Hove Albion FC,65,397,FINISHED,2,2,2,1,D
497699,2024-25,29,2025-03-15T15:00:00Z,Southampton FC,Wolverhampton Wanderers FC,340,76,FINISHED,1,2,0,1,A
497690,2024-25,29,2025-03-15T17:30:00Z,AFC Bournemouth,Brentford FC,1044,402,FINISHED,1,2,1,1,A
497691,2024-25,29,2025-03-16T13:30:00Z,Arsenal FC,Chelsea FC,57,61,FINISHED,1,0,1,0,H
497694,2024-25,29,2025-03-16T13:30:00Z,Fulham FC,Tottenham Hotspur FC,63,73,FINISHED,2,0,0,0,H
497696,2024-25,29,2025-03-16T19:00:00Z,Leicester City FC,Manchester United FC,338,66,FINISHED,0,3,0,1,A
497701,2024-25,30,2025-04-01T18:45:00Z,Arsenal FC,Fulham FC,57,63,FINISHED,2,1,1,0,H
497704,2024-25,30,2025-04-01T18:45:00Z,Wolverhampton Wanderers FC,West Ham United FC,76,563,FINISHED,1,0,1,0,H
497703,2024-25,30,2025-04-01T19:00:00Z,Nottingham Forest FC,Manchester United FC,351,66,FINISHED,1,0,1,0,H
497700,2024-25,30,2025-04-02T18:45:00Z,AFC Bournemouth,Ipswich Town FC,1044,349,FINISHED,1,2,0,1,A
497702,2024-25,30,2025-04-02T18:45:00Z,Brighton & Hove Albion FC,Aston Villa FC,397,58,FINISHED,0,3,0,0,A
497706,2024-25,30,2025-04-02T18:45:00Z,Manchester City FC,Leicester City FC,65,338,FINISHED,2,0,2,0,H
497707,2024-25,30,2025-04-02T18:45:00Z,Newcastle United FC,Brentford FC,67,402,FINISHED,2,1,1,0,H
497708,2024-25,30,2025-04-02T18:45:00Z,Southampton FC,Crystal Palace FC,340,354,FINISHED,1,1,1,0,D
497709,2024-25,30,2025-04-02T19:00:00Z,Liverpool FC,Everton FC,64,62,FINISHED,1,0,0,0,H
497705,2024-25,30,2025-04-03T19:00:00Z,Chelsea FC,Tottenham Hotspur FC,61,73,FINISHED,1,0,0,0,H
497713,2024-25,31,2025-04-05T11:30:00Z,Everton FC,Arsenal FC,62,57,FINISHED,1,1,0,1,D
497712,2024-25,31,2025-04-05T14:00:00Z,Crystal Palace FC,Brighton & Hove Albion FC,354,397,FINISHED,2,1,1,1,H
497715,2024-25,31,2025-04-05T14:00:00Z,Ipswich Town FC,Wolverhampton Wanderers FC,349,76,FINISHED,1,2,1,0,A
497719,2024-25,31,2025-04-05T14:00:00Z,West Ham United FC,AFC Bournemouth,563,1044,FINISHED,2,2,0,1,D
497710,2024-25,31,2025-04-05T16:30:00Z,Aston Villa FC,Nottingham Forest FC,58,351,FINISHED,2,1,2,0,H
497711,2024-25,31,2025-04-06T13:00:00Z,Brentford FC,Chelsea FC,402,61,FINISHED,0,0,0,0,D
497714,2024-25,31,2025-04-06T13:00:00Z,Fulham FC,Liverpool FC,63,64,FINISHED,3,2,3,1,H
497718,2024-25,31,2025-04-06T13:00:00Z,Tottenham Hotspur FC,Southampton FC,73,340,FINISHED,3,1,2,0,H
497717,2024-25,31,2025-04-06T15:30:00Z,Manchester United FC,Manchester City FC,66,65,FINISHED,0,0,0,0,D
497716,2024-25,31,2025-04-07T19:00:00Z,Leicester City FC,Newcastle United FC,338,67,FINISHED,0,3,0,3,A
497725,2024-25,32,2025-04-12T11:30:00Z,Manchester City FC,Crystal Palace FC,65,354,FINISHED,5,2,2,2,H
497722,2024-25,32,2025-04-12T14:00:00Z,Brighton & Hove Albion FC,Leicester City FC,397,338,FINISHED,2,2,1,1,D
497727,2024-25,32,2025-04-12T14:00:00Z,Nottingham Forest FC,Everton FC,351,62,FINISHED,0,1,0,0,A
497728,2024-25,32,2025-04-12T14:00:00Z,Southampton FC,Aston Villa FC,340,58,FINISHED,0,3,0,0,A
497721,2024-25,32,2025-04-12T16:30:00Z,Arsenal FC,Brentford FC,57,402,FINISHED,1,1,0,0,D
497723,2024-25,32,2025-04-13T13:00:00Z,Chelsea FC,Ipswich Town FC,61,349,FINISHED,2,2,0,2,D
497724,2024-25,32,2025-04-13T13:00:00Z,Liverpool FC,West Ham United FC,64,563,FINISHED,2,1,1,0,H
497729,2024-25,32,2025-04-13T13:00:00Z,Wolverhampton Wanderers FC,Tottenham Hotspur FC,76,73,FINISHED,4,2,2,0,H
497726,2024-25,32,2025-04-13T15:30:00Z,Newcastle United FC,Manchester United FC,67,66,FINISHED,4,1,1,1,H
497720,2024-25,32,2025-04-14T19:00:00Z,AFC Bournemouth,Fulham FC,1044,63,FINISHED,1,0,1,0,H
497698,2024-25,29,2025-04-16T18:30:00Z,Newcastle United FC,Crystal Palace FC,67,354,FINISHED,5,0,4,0,H
497731,2024-25,33,2025-04-19T14:00:00Z,Brentford FC,Brighton & Hove Albion FC,402,397,FINISHED,4,2,1,1,H
497732,2024-25,33,2025-04-19T14:00:00Z,Crystal Palace FC,AFC Bournemouth,354,1044,FINISHED,0,0,0,0,D
497733,2024-25,33,2025-04-19T14:00:00Z,Everton FC,Manchester City FC,62,65,FINISHED,0,2,0,0,A
497739,2024-25,33,2025-04-19T14:00:00Z,West Ham United FC,Southampton FC,563,340,FINISHED,1,1,0,0,D
497730,2024-25,33,2025-04-19T16:30:00Z,Aston Villa FC,Newcastle United FC,58,67,FINISHED,4,1,1,1,H
497734,2024-25,33,2025-04-20T13:00:00Z,Fulham FC,Chelsea FC,63,61,FINISHED,1,2,1,0,A
497735,2024-25,33,2025-04-20T13:00:00Z,Ipswich Town FC,Arsenal FC,349,57,FINISHED,0,4,0,2,A
497737,2024-25,33,2025-04-20T13:00:00Z,Manchester United FC,Wolverhampton Wanderers FC,66,76,FINISHED,0,1,0,0,A
497736,2024-25,33,2025-04-20T15:30:00Z,Leicester City FC,Liverpool FC,338,64,FINISHED,0,1,0,0,A
497738,2024-25,33,2025-04-21T19:00:00Z,Tottenham Hotspur FC,Nottingham Forest FC,73,351,FINISHED,1,2,0,2,A
497745,2024-25,34,2025-04-22T19:00:00Z,Manchester City FC,Aston Villa FC,65,58,FINISHED,2,1,1,1,H
497741,2024-25,34,2025-04-23T19:00:00Z,Arsenal FC,Crystal Palace FC,57,354,FINISHED,2,2,2,1,D
497743,2024-25,34,2025-04-26T11:30:00Z,Chelsea FC,Everton FC,61,62,FINISHED,1,0,1,0,H
497742,2024-25,34,2025-04-26T14:00:00Z,Brighton & Hove Albion FC,West Ham United FC,397,563,FINISHED,3,2,1,0,H
497746,2024-25,34,2025-04-26T14:00:00Z,Newcastle United FC,Ipswich Town FC,67,349,FINISHED,3,0,1,0,H
497748,2024-25,34,2025-04-26T14:00:00Z,Southampton FC,Fulham FC,340,63,FINISHED,1,2,1,0,A
497749,2024-25,34,2025-04-26T14:00:00Z,Wolverhampton Wanderers FC,Leicester City FC,76,338,FINISHED,3,0,1,0,H
497740,2024-25,34,2025-04-27T13:00:00Z,AFC Bournemouth,Manchester United FC,1044,66,FINISHED,1,1,1,0,D
497744,2024-25,34,2025-04-27T15:30:00Z,Liverpool FC,Tottenham Hotspur FC,64,73,FINISHED,5,1,3,1,H
497747,2024-25,34,2025-05-01T18:30:00Z,Nottingham Forest FC,Brentford FC,351,402,FINISHED,0,2,0,1,A
497758,2024-25,35,2025-05-02T19:00:00Z,Manchester City FC,Wolverhampton Wanderers FC,65,76,FINISHED,1,0,1,0,H
497751,2024-25,35,2025-05-03T11:30:00Z,Aston Villa FC,Fulham FC,58,63,FINISHED,1,0,1,0,H
497756,2024-25,35,2025-05-03T14:00:00Z,Everton FC,Ipswich Town FC,62,349,FINISHED,2,2,2,1,D
497757,2024-25,35,2025-05-03T14:00:00Z,Leicester City FC,Southampton FC,338,340,FINISHED,2,0,2,0,H
497750,2024-25,35,2025-05-03T16:30:00Z,Arsenal FC,AFC Bournemouth,57,1044,FINISHED,1,2,1,0,A
497752,2024-25,35,2025-05-04T13:00:00Z,Brentford FC,Manchester United FC,402,66,FINISHED,4,3,2,1,H
497753,2024-25,35,2025-05-04T13:00:00Z,Brighton & Hove Albion FC,Newcastle United FC,397,67,FINISHED,1,1,1,0,D
497759,2024-25,35,2025-05-04T13:00:00Z,West Ham United FC,Tottenham Hotspur FC,563,73,FINISHED,1,1,1,1,D
497754,2024-25,35,2025-05-04T15:30:00Z,Chelsea FC,Liverpool FC,61,64,FINISHED,3,1,1,0,H
497755,2024-25,35,2025-05-05T19:00:00Z,Crystal Palace FC,Nottingham Forest FC,354,351,FINISHED,1,1,0,0,D
497761,2024-25,36,2025-05-10T14:00:00Z,Fulham FC,Everton FC,63,62,FINISHED,1,3,1,1,A
497762,2024-25,36,2025-05-10T14:00:00Z,Ipswich Town FC,Brentford FC,349,402,FINISHED,0,1,0,1,A
497767,2024-25,36,2025-05-10T14:00:00Z,Southampton FC,Manchester City FC,340,65,FINISHED,0,0,0,0,D
497769,2024-25,36,2025-05-10T14:00:00Z,Wolverhampton Wanderers FC,Brighton & Hove Albion FC,76,397,FINISHED,0,2,0,1,A
497760,2024-25,36,2025-05-10T16:30:00Z,AFC Bournemouth,Aston Villa FC,1044,58,FINISHED,0,1,0,1,A
497765,2024-25,36,2025-05-11T11:00:00Z,Newcastle United FC,Chelsea FC,67,61,FINISHED,2,0,1,0,H
497764,2024-25,36,2025-05-11T13:15:00Z,Manchester United FC,West Ham United FC,66,563,FINISHED,0,2,0,1,A
497766,2024-25,36,2025-05-11T13:15:00Z,Nottingham Forest FC,Leicester City FC,351,338,FINISHED,2,2,1,1,D
497768,2024-25,36,2025-05-11T13:15:00Z,Tottenham Hotspur FC,Crystal Palace FC,73,354,FINISHED,0,2,0,1,A
497763,2024-25,36,2025-05-11T15:30:00Z,Liverpool FC,Arsenal FC,64,57,FINISHED,2,2,2,0,D
497771,2024-25,37,2025-05-16T18:30:00Z,Aston Villa FC,Tottenham Hotspur FC,58,73,FINISHED,2,0,0,0,H
497774,2024-25,37,2025-05-16T19:15:00Z,Chelsea FC,Manchester United FC,61,66,FINISHED,1,0,0,0,H
497776,2024-25,37,2025-05-18T11:00:00Z,Everton FC,Southampton FC,62,340,FINISHED,2,0,2,0,H
497779,2024-25,37,2025-05-18T13:15:00Z,West Ham United FC,Nottingham Forest FC,563,351,FINISHED,1,2,0,1,A
497772,2024-25,37,2025-05-18T14:00:00Z,Brentford FC,Fulham FC,402,63,FINISHED,2,3,2,1,A
497777,2024-25,37,2025-05-18T14:00:00Z,Leicester City FC,Ipswich Town FC,338,349,FINISHED,2,0,1,0,H
497770,2024-25,37,2025-05-18T15:30:00Z,Arsenal FC,Newcastle United FC,57,67,FINISHED,1,0,0,0,H
497773,2024-25,37,2025-05-19T19:00:00Z,Brighton & Hove Albion FC,Liverpool FC,397,64,FINISHED,3,2,1,2,H
497775,2024-25,37,2025-05-20T19:00:00Z,Crystal Palace FC,Wolverhampton Wanderers FC,354,76,FINISHED,4,2,2,1,H
497778,2024-25,37,2025-05-20T19:00:00Z,Manchester City FC,AFC Bournemouth,65,1044,FINISHED,3,1,2,0,H
497780,2024-25,38,2025-05-25T15:00:00Z,AFC Bournemouth,Leicester City FC,1044,338,FINISHED,2,0,0,0,H
497781,2024-25,38,2025-05-25T15:00:00Z,Fulham FC,Manchester City FC,63,65,FINISHED,0,2,0,1,A
497782,2024-25,38,2025-05-25T15:00:00Z,Ipswich Town FC,West Ham United FC,349,563,FINISHED,1,3,0,1,A
497783,2024-25,38,2025-05-25T15:00:00Z,Liverpool FC,Crystal Palace FC,64,354,FINISHED,1,1,0,1,D
497784,2024-25,38,2025-05-25T15:00:00Z,Manchester United FC,Aston Villa FC,66,58,FINISHED,2,0,0,0,H
497785,2024-25,38,2025-05-25T15:00:00Z,Newcastle United FC,Everton FC,67,62,FINISHED,0,1,0,0,A
497786,2024-25,38,2025-05-25T15:00:00Z,Nottingham Forest FC,Chelsea FC,351,61,FINISHED,0,1,0,0,A
497787,2024-25,38,2025-05-25T15:00:00Z,Southampton FC,Arsenal FC,340,57,FINISHED,1,2,0,1,A
497788,2024-25,38,2025-05-25T15:00:00Z,Tottenham Hotspur FC,Brighton & Hove Albion FC,73,397,FINISHED,1,4,1,0,A
497789,2024-25,38,2025-05-25T15:00:00Z,Wolverhampton Wanderers FC,Brentford FC,76,402,FINISHED,1,1,0,1,D
